feature_0,feature_1,feature_2,feature_3,feature_4,feature_5,feature_6,target
-0.7547172412386747,-1.0155882688655715,-0.1287009420890182,-0.6905722042136614,1.115226003419574,0.7401857167813118,-1.0296684096588142,3
-0.09283663405330052,0.2784457038897419,-0.11960840747559076,-0.3200762111204742,-1.2255141301497638,1.3624654255899689,0.7409690121069765,4
-1.3550916905389017,-0.6144495834070394,-0.5726717680289897,-0.6165252346562754,-1.1257397644087215,0.7610725802662827,1.1632901476592281,2
-0.7967483162530811,-0.09457734459209372,-0.5971500460817111,0.40159228395523,0.4520617898199682,-0.6746952734008619,0.12008809516223516,2
-0.5658706400379655,-0.3731972166170073,-0.32466812631255215,-0.6979009695800078,-1.2105499145897263,1.14134895037468,-0.906857652455891,2
0.7946976606618632,0.07437132967217558,0.6436100402812853,-0.6520721906820793,-0.6553728907282307,1.3607214158052636,1.3434903181957354,4
1.2394189109154443,-0.35219137520838695,0.7027673768972437,0.9274904140930937,-0.565357501471333,1.2101185465027027,1.5023679292581538,1
-0.9900216792236494,0.4964625770046119,-1.1192855310854475,-0.39945595120253835,-1.2434475822578615,1.0054286297225137,-0.28243126498709686,2
1.3725838109166084,2.8170048405523116,3.3478399070813483,-0.5522633418053332,-1.187540968886009,0.5445940328332382,-1.1895663812299786,4
-1.3999614980086559,0.9410902359344454,-1.9436028536901182,-0.7118931294648664,-0.6409553185762367,1.2934313250235228,1.0904305383460755,3
-0.3943383664648671,-0.17576968148936958,-0.2591814926738175,-0.4178827461556536,0.6763175700187914,-1.377220209147687,-1.4815354258081894,4
1.176319071499916,-0.0718519612245162,0.8585377150685763,-0.5183823610009147,-1.177062787705817,-1.4896350271497019,-0.012262261802696855,4
-0.13061965567590858,0.2349741285796351,-0.14063870412190943,0.5587739094495635,-1.1635180852389893,1.2011488129465244,0.7078221386361419,2
1.4188481350819082,-0.029047063983283692,1.0536333467830794,-0.5017070186102337,1.1571591890553632,-1.2549944345780668,-0.43199839442436055,4
1.2670059478761573,0.8849195849186633,1.628362364981931,-0.6227580169241447,-1.1891282357015618,0.8470511237338327,0.4063642775763213,4
0.37431560916733314,-0.49075872735038045,0.1758385043195869,-0.4527844809131689,-0.17010176414096057,-1.2852792131012758,0.5200021901615528,4
0.05516077621345367,0.2409474798825569,0.017431310246791388,-0.5665463730327298,-1.0236897826705829,-1.6330296753395603,0.7917530114820182,4
-1.326363977059558,-0.025703341690242448,-1.0322098828890145,-0.7105431907421914,-0.06981069986378294,0.9195083729927849,-0.3088747819311652,3
1.2807212232564609,0.11128784720621968,1.0752524637986403,-0.5204367028625115,-1.0909450459887644,0.9443132003813814,-1.0417716900625205,4
1.0976427152571513,1.1139182145390638,1.5424010410575109,0.7112008244237759,1.1988211421910742,0.04535441870293404,-1.4552595966680646,1
1.390047850427121,0.020287020318010846,1.0830516927737575,-0.6797818392905486,1.2837250856093783,1.2999537654876805,0.03372789747488506,4
-1.1274016725817027,1.4240151995245518,-1.879117932468351,-0.23289506692707834,-0.6012089379522624,1.0239285218249876,0.9518763700980651,3
0.06722051522829504,-0.4544423947553743,0.009160863559119648,-0.06113523846816006,-1.1269026094771748,0.8740163893077354,-1.0856520880863683,3
-0.21569378853906387,0.5529831995551331,-0.2705292409583768,-0.6279947522796793,0.700974922138949,0.30736040896799527,1.4100796250704466,2
-0.9997947131471747,-0.18634321457354286,-0.6766628616067856,-0.6415439840246576,1.2191389560497943,-1.4867083627390025,1.5873896368580402,2
0.5375539508160275,-0.8298073112801524,0.16096048229524595,-0.3912759555576605,-0.9338563391809434,0.4534027347744045,1.6366560244779054,1
-0.2434462894522815,-0.23098028568130696,-0.20093150934598022,-0.4055444028775675,0.41739808566454645,0.6093016500521895,-1.115213334346041,3
-1.387869589189809,-0.37734057826483003,-0.771125096863456,-0.34685272505350556,-0.8064221601642584,-1.435500261053434,0.6944568914910584,2
0.7464457010622204,-0.9471512527494446,0.16182693077791518,-0.6437918638185122,1.2444601659440764,-0.9027738861278641,0.6211516995000306,0
1.253315410367075,-0.5148957660733962,0.5734545908493112,-0.6746275528960046,1.336927861093551,0.08261774276309722,1.5143490079437725,0
-0.3656428510035238,-0.3290647340007487,-0.2187864681628761,-0.7075151198631666,-0.8219948679595586,-1.3738356208387474,-1.2427705983613433,2
-1.3337795069384804,-0.5237358675065233,-0.6357809017793192,-0.2850345613186897,-0.3674898364307143,0.988740511343029,-0.7483546712971844,2
1.3073362111780078,-0.7616711581535921,0.43601159857378247,1.8867137620002596,-0.39703648637344274,1.098254261003281,0.9079403505218429,1
1.3797411580543557,-0.7864176023001629,0.4338957756101764,1.5726551608322925,-1.2237212053743292,0.4962059643906669,-0.37335760375114085,1
-0.8920993419991881,-0.8502122896614637,-0.25320711206246127,-0.13094334995135776,-1.133851203292755,-1.5786446075481697,0.8958459464987507,2
0.08699559980169468,-0.4976463652043678,0.04145703154963964,-0.6718221793018896,-1.1652479478759212,-0.8376733011802594,-1.4239354180131238,3
-0.326126279646033,-0.31408113556470524,-0.20666570309595889,-0.45600538205298435,-1.2371972417751762,0.16812207164108886,0.3717753360299218,4
1.4163608248302384,0.3670050265220216,1.4066008119749411,0.31503244530351415,-1.1104110952193738,1.3273282901030166,0.41013080469672214,1
-0.07343018314049735,-0.8003182601129477,-0.015234088771952158,2.5477705209770805,-0.9472865803024867,-1.331988043007024,1.4381722174792368,2
-0.6556538292807593,-0.6251800673910761,-0.2494254440817296,-0.6805627330201649,-1.167654510342199,-1.561416166612024,-0.9102622544343532,2
1.1474761285711221,-0.33986904404206764,0.6282996024129077,0.29249117575983075,1.295465123049389,0.3709440373162585,0.6325546673673504,1
1.3083530637220018,0.45168343655889437,1.3431955736916152,-0.5264593666443941,1.2983519762979263,-0.87612220009324,1.6745420726474776,4
-1.0353302788782384,-1.0480692773995695,-0.156457783846501,-0.6636494002536891,1.250112882267746,-0.9894655535376182,-0.7804729439440659,0
-1.3745989901720632,-0.8564590265002855,-0.3775129594103733,-0.6867592674280426,0.9892401386386789,-0.7420906355543909,-0.041972472473542244,0
-0.0614306370441526,0.1813996400691282,-0.06790828109515085,-0.45464005936880764,1.2555551678324923,-1.673923779659764,-1.2958920172822321,0
-0.702318925868805,-0.4373204949255507,-0.39398129393415987,-0.7238029192838225,-0.5120757015223031,0.08765056993404385,1.6745849201619052,2
-1.2111688101036797,0.2200512515521896,-1.105661579547862,-0.23347038277002202,-0.10613891832572617,1.1008952298039918,-0.5577395375660716,3
1.4070342067416695,-0.9196677539414062,0.3174093515653244,0.9711313313929512,-1.1905869818393249,-0.6146004969958413,1.1880964970526287,1
-0.39592375433245475,-0.7015590066661566,-0.15283574983218717,-0.024280914142881416,-0.5738113452653258,-1.2595458648060904,-0.899055632687561,2
-0.05776654423662261,-0.453557280905097,-0.020275405801320166,-0.46527402614126384,1.174347097412553,0.5031652259197282,-1.0546528733075409,0
0.22432722597933394,-0.6435077583399794,0.09239938780330169,-0.666914123166762,-1.0808185059060935,-1.489035319228511,1.211454832322613,2
-1.407871056376663,0.7002270260839663,-1.7285693215728344,-0.5513100261283898,-1.224247841139128,-0.4796683644559795,-1.5563350922300316,2
0.2873647387388086,0.0266800828139695,0.21829746787474535,0.32769122269221607,1.2195640275753263,1.1120030560049758,-0.3548184415195511,1
-0.9254999627591634,-0.5157113224275872,-0.448650632844838,1.9838459103675687,-1.1389925171231494,1.104129225665239,-1.376415594175225,4
-0.8280092555387393,-0.0001303136760474842,-0.6752244843729631,0.967831883141126,1.3248936041233077,1.2568433813090727,1.4880142409440342,2
-1.3224058722624787,-0.6960575378538945,-0.5055828490912975,-0.6396259025152118,1.2574017589666524,0.11336963866295553,0.5351043841738595,0
-0.1935726256084163,-0.11765832599596578,-0.17054446053519143,-0.4702225213333759,0.31260340648156754,-0.6494571388522841,1.185934973056504,4
0.8592355604633569,1.2325116755399135,1.268708924829648,1.4354892031040136,-1.0795180566558784,-1.634569680151842,1.350043471460423,1
-1.174013626287949,-0.4150055267167779,-0.6390284466109967,-0.6774483158856212,0.20860100028723408,0.4370431426894617,-0.025899120612217278,2
0.14905088302764094,0.5029293254125554,0.11840340876674922,-0.5997247395977486,0.7340442694517105,-1.2956498244480485,1.7609701051275584,2
0.7179037713266183,-0.6505511005119551,0.2764790213042734,-0.6755093346588427,-0.1492898340652338,1.2692489211462992,0.3363786034271574,0
0.2923945821295711,-0.3747518440015005,0.14648580562977115,-0.33916964099170194,0.7463696153724877,-0.4146480742697167,-0.9250781310722372,0
-0.7974664237734788,0.15996465267160348,-0.7387834596089979,0.7372025109981941,0.8275539546712612,-0.34271984236127184,-0.8735592106824589,3
-1.3558302527806263,-0.7371248823827896,-0.4628271193286571,-0.2620016383952341,-1.238651786011249,-1.6903009792970844,-0.5199964697150674,2
-1.1978520181454584,-0.4758480741554462,-0.6084620892655473,-0.5315346378995452,-1.2738020545536133,1.313709822881742,-1.1957169911521432,2
0.33850740846707034,2.4850458445870567,0.7077895865481594,-0.38411770337400475,0.9881803917386183,1.2355787590567464,0.4524800446663523,4
0.9689435467521978,1.5891458501152473,1.6399034440556146,1.032329131997452,-1.214411602295027,-0.31926748230741053,0.30059697442350203,1
-1.3924540885756245,-0.7812769299938876,-0.46206277270719637,-0.5508633605769254,1.2891799063665532,0.7272134361056625,-0.6557396677863928,0
-0.13723146981870898,0.1301339928165075,-0.12097904672617166,0.35981872731798076,-1.13244123174139,-1.6356691761650175,-1.5132220051298202,3
-1.1796284285163046,-0.9419448251612439,-0.2351309542995654,-0.7154911721992124,1.3573055086328687,0.9888042927176917,-0.3935408818814231,0
1.1983079036066577,-0.9795247462502173,0.22237898651679766,-0.23944871988559233,1.1907296744647393,-1.0519946418162653,-1.5531659361975054,1
0.48548901609782885,-0.690212257163825,0.17982509170710786,-0.41215089145790423,-1.1732730783189393,-1.4727334417491882,1.0200154058019353,4
-1.0932748878895255,-0.16532742810172552,-0.7684496680354549,-0.47379182824687327,-0.9993160813447387,-1.3076211756219163,-1.1656814525253283,2
0.9046872824741969,-0.552611325102413,0.3733405552891324,-0.708646741776991,1.1743498297929016,-0.4622739409993401,-0.8258184824452497,0
1.4114105911096344,0.6086536705005671,1.6112257971452366,-0.2823816729371771,-1.2488857141269718,0.1402302509025498,-0.8780630910244538,1
-1.228542465492709,-0.4334746109678255,-0.6266541981268499,-0.24699874215912518,1.2819173117341698,-1.6777174406480193,-1.28891222330421,0
-0.6296461672712085,0.4214474150903508,-0.6890983511899454,-0.026880655505139593,-1.3096276538297325,-1.0025603059597183,0.8148778631690863,4
1.0645331173612613,0.1679572785502917,0.9192472706181252,-0.2912920115431887,-1.2402342938755149,-1.1517584932078067,-1.5079309399137248,1
-0.5854462805559104,-0.8046919277687479,-0.18754696477918373,-0.6776897263438987,0.29970393575779747,0.6565422549700952,0.014629646263107136,3
1.4069185843673817,0.005662713434370826,1.0690934529482532,-0.05382626086072876,-0.4086754507870165,1.2039205252415037,-1.3079257021362396,1
-1.390953644591293,0.9575531413178553,-1.9228939753413135,-0.2511180756665348,-1.2795348277479763,0.9289776943575863,-0.7704970382926392,3
1.3711177678474706,-0.6510441765215613,0.5276443906586481,-0.599754879425953,-1.2484559046506116,1.0954680856422252,0.658016557598533,1
-0.007956203575140998,-0.6166837879508072,-0.009664574858433299,-0.6765002997910965,-1.1428466217579027,-1.5361665893733298,1.6010866963470511,2
-0.020963270355013337,-0.29368721186896984,-0.02373222150899654,-0.7036095444555758,1.2435466176613437,-0.5714054356001825,-1.0690674862701826,0
-1.3600974250381,-1.0773193564144425,-0.2106157474584252,-0.3730014005605043,1.3014671348901161,-1.0536377662300556,-1.1842013538943348,0
0.3643585523856524,-0.35995851441799365,0.1731210257175992,0.4466113474262721,-0.3207433837928703,-1.5882825002317806,1.875555937711601,1
-1.2098732051121919,-0.21262061680834704,-0.8052503358470897,0.21266378867920377,-1.2418767997285387,1.3249427182829698,-0.15632917028553936,2
0.2537179043395902,0.04772120819156379,0.19008744453975887,0.03498971006990309,0.17005734255203997,-0.9301571122798322,0.21713929057750345,1
-1.35323766172836,2.0079886508624285,-2.738391466004656,-0.6645651261450355,1.2517926377945547,-1.1258297671164204,-1.0536779968347771,0
1.0925357925304569,-0.5742917757473324,0.44465732067619057,-0.7067826450655538,-1.0772496022643068,0.12309101599007964,-0.10777002738557748,2
1.3610609006382515,-0.5576594881875143,0.6024454564523528,-0.690796252145496,0.3546621495811642,1.0828542052855872,-0.23083440268634306,4
-0.31718474284789283,-0.7520723908905218,-0.11736753574858112,-0.6824212881736336,-0.8958074539006062,-1.2083502426684707,1.5381896976460785,2
1.1848402723063618,2.8541731216457604,2.8812901361155188,-0.6203586837031945,0.8819557591423836,1.283885602646631,-1.0014595074839796,4
1.4119675555537679,-0.4481609696139638,0.7147320750605068,-0.6762538172790197,-1.1242109110767808,1.062255885242541,1.4898956060742252,4
1.3607352452351928,2.7933786194423647,3.2530943805289536,-0.3347172991764576,-0.41833836456778534,-1.4393127712248734,-0.8995040208462142,4
1.3836873819876763,5.385265351179996,5.430298514354578,-0.5915481722236653,-1.047612133487159,1.0964282898915823,0.5084782909468921,4
-0.8089765939016936,1.8369044620979011,-1.5834125841622553,-0.18238117326518835,-0.056435777809709965,1.2994769203080538,0.5997736258668018,2
0.34331831265400337,1.5330457033110225,0.5486862553330759,-0.5794095777452858,-1.1595159776316455,-1.556244582120271,0.9852511413627516,4
-1.3104358237966478,-0.2356186366392286,-0.8607980870249647,-0.23697354444853752,0.9505908177325074,0.6211206772114978,-0.003949828672925748,3
0.362790995916882,0.44974374267221057,0.354311118532423,0.946438752105848,1.2869166964321015,0.3466577011473238,1.1324825781651169,1
-0.5800086953868221,-0.8337209708132609,-0.16827685146983887,-0.22755486696157892,-0.1544740782412015,1.0264370492484691,0.4930831807916921,3
0.033184789054464675,0.9103806619288258,0.012137554766486305,-0.346383253647411,0.7510832981844664,0.9400175547849483,-0.49692443830934974,3
-1.3536191868258676,-0.9202481366608033,-0.3119886170028944,0.4131388530029375,-1.0548294940095924,1.2299880806557004,0.6463922566484813,2
1.1986418917974,-0.5449545950854519,0.543456422141601,3.030839440081421,-0.7496854979209884,0.7774387305581568,1.4299940461892957,1
0.046619647005357534,-0.044417768347162934,0.0046968502648136925,-0.664483604535084,1.146288301860541,-1.5687772290592317,0.2995338450126397,0
-0.2185620697947525,-0.4429121088570705,-0.1284005144818809,-0.3295224181424728,-0.8992716276200439,-0.8747619537337332,0.48034135097590935,4
-1.3442501222730623,-0.017223486403931884,-1.0242761099308142,0.29963926037699096,-1.245163450176439,-0.05285571047593806,0.7926245478993377,4
-0.6784452440145065,0.5247520134833868,-0.7959397588098034,-0.5976232140273748,0.8306128980754623,-1.279877478907529,-0.4432650572434757,3
0.056764145994057554,2.4443103302322617,0.0721998605089952,1.1986353456342145,0.8217136341762153,-1.2185881883253726,-0.8296602790949648,0
-1.3574015679629972,-1.0880243913078425,-0.20267546006162496,0.15660809984463667,1.3194187808274804,-1.2200244817331256,0.5878458209139203,0
1.3804590363561604,-0.2407581991374168,0.8568871093986209,0.6170397058467999,1.013237102849574,-1.3944213003465489,0.7944707384855094,1
-1.339190199132091,-0.4525869451835532,-0.6766994156106222,-0.009054667437526238,1.3017784453330221,-1.6466541099765986,-1.4652088675361052,0
0.061743501662506924,1.5431646529966172,0.0730034286085176,-0.18435794062878427,1.2530956627405685,0.568263255878685,-1.1142552503426155,0
-1.285394831159042,-0.7227435626173402,-0.4456123612252745,-0.5774249530516131,-0.8901290690483088,0.38871359650006615,0.5447845009894169,4
-0.7583738819411985,0.7333660650180275,-0.95783648663448,0.4464815518247594,0.20982296628979363,-0.4263644253278474,0.7649784298383018,3
-0.4344672863301196,1.8633695394775214,-0.8930884169607256,-0.7104548132718286,-0.9814828321439042,-0.99121034330073,1.6425966935530145,2
0.24159858054798505,-0.24931829469553612,0.132071845314311,-0.6314767777735832,1.2520585826982504,-0.6835124720350995,0.3487036181549722,0
1.0851327379560307,-0.29055571333171465,0.627252737498478,-0.6731759776057447,-1.2497162089707177,-0.5025807435790626,-1.183619406898632,4
-1.1015121291911203,-0.3902918164339691,-0.600868504855272,-0.7069547854486459,-1.0737676458806935,-1.054949240076836,0.4096602217090519,2
-1.1974428298169448,-0.10767568804121705,-0.867954766259359,0.13184002089875801,-0.35404088790799976,0.864872055303175,0.5358798143473928,4
-0.8711335638581251,-0.6605093303741908,-0.35646658792369307,1.1037088933310761,1.2041592322069654,-0.4717356658374739,-1.3872318599746092,0
-0.8059859174732172,-0.3994234155248844,-0.46449164562474177,-0.624049074651567,0.6755965537626027,0.661694305113763,-1.338569592189507,3
-1.012875570296085,2.112543521972998,-2.132445901999649,-0.27125043829436823,0.7642034844656895,-1.3796495618656692,-0.707753880304346,0
0.3788351558533795,-0.7734537207823106,0.11672898605096987,-0.702111174785613,1.2117546648472477,1.1700034342197083,-0.2327461750506179,0
-0.39286258363012067,-0.8813170129643717,-0.09516007037979976,-0.6510453034490374,-0.5549788500749941,1.2445555843054954,-0.06945888577652487,3
-1.0206188984720184,-0.7979328388308621,-0.32066571080162243,-0.08923388568464283,-0.9278152199446802,1.166227732470963,1.0000604228051122,2
-0.595480593602742,0.05875201379057861,-0.4936253739822577,-0.2669398634225868,1.2783652984905414,1.1414105036013342,0.0719000426829032,0
1.0964122276058186,-0.056483493754466645,0.8144311948378233,-0.27154910800167364,1.2631052159284741,0.8853948759098792,-1.321000830594084,1
1.4207686095032768,1.298675283725808,2.159851535421622,0.8740424903668371,-1.19134004490246,-1.6507093439968183,-0.7604730076604455,1
0.6547836080789979,-0.5659980912127103,0.2661555142866626,-0.6002571227538703,1.2486587894741539,-1.3240930110290396,-0.5589651397145213,0
1.0868284344303945,-0.06445595425239162,0.8100925058383139,-0.3586189810149239,-1.0029139306949713,1.2461506623261045,1.8454684178418577,1
-1.0634398047864655,-0.08567378406027708,-0.7882091276151459,-0.5091588136746769,1.3017780073958216,-0.2533434559489688,0.1525263711792209,3
1.176155418685299,0.4504561689442452,1.1972356743329038,0.0750750748577228,1.219350661719816,-1.46035546488197,0.8340362832390014,1
-0.163082449873148,4.599778792039805,-0.6563856513896649,1.1919545015548714,1.295862165268006,0.33526655399561495,0.7899211865541224,0
1.386117984148999,-0.8120797340560438,0.41964035233950825,6.710229973494001,-1.1639757733328064,0.9305441499623319,-1.3420438150889327,1
0.8356385010682373,-0.052008652770679606,0.6240846410057512,0.9818096266527935,0.3519265853244612,-1.1764554855871423,0.1968753124095517,1
1.1656778963728092,-0.5254811676146823,0.5270068052451511,0.06699246812846561,-1.2272357832423997,-0.9530401545492593,-1.1760480909717461,1
0.44287698732189296,-0.3316206799964803,0.24710959508501992,0.32615082377451254,1.2062248721275106,0.5822205860624522,1.4986053088822184,1
0.1570067859931842,-0.10178666501634392,0.06754775420319002,-0.6765732374077245,1.263199808350347,0.49087107648438544,-1.5408496129379952,0
0.15672359662680754,-0.28416075333470653,0.08037543253989049,-0.5186609653465074,0.2659711314980768,0.6803046447184239,-0.3488491798973547,3
-1.2518007029988645,-1.0141833980668575,-0.2370549501369171,1.0164093314216325,0.20913013223175478,1.0348420962834746,0.9670776210663862,2
-1.3709246134176143,-0.32037679831184296,-0.8204293229455905,0.1637049072382413,0.479794398896592,-0.04502981238977609,1.577515555888429,4
1.4315422750384441,0.9054211534014796,1.8741864097627172,-0.048377911264226456,0.9223808826399506,-0.1914514312806868,1.8919404252541199,1
-0.8597896771647463,0.5439381213908553,-0.9649668875430765,-0.6933054649927944,1.2401189356179794,0.8884300678664343,-0.8734609771689927,3
0.690038266032211,-0.6128435749819174,0.2747158152593409,-0.6383432312593134,-0.365079953401446,1.2691097071790998,-1.0748229211744829,1
0.8147921426528356,0.4455487040037307,0.808822892546282,-0.5072603858852321,0.9850211867834979,-1.3244397087541582,0.8713808230219772,4
-1.3485437686709534,-0.1960208240353897,-0.9199469152436535,-0.45998841857631556,-0.7719737237459819,1.0408420817967343,-0.3440346892806228,3
-0.739589010583893,0.478760441493463,-0.7963585699703496,-0.3224385531950377,-0.419882036916981,-1.1645471771714875,1.5911720227378245,4
0.2413039559383912,0.09743946387550337,0.18909630162474533,0.5502186895531085,-0.7750970225006372,-0.16219369293324773,0.41208532643518014,1
0.5757498101748089,0.6774787066941924,0.6584186923624478,-0.6551683964328789,-0.6568889187436829,-1.385316964495011,-0.3906439250476636,4
1.004636476511764,1.3545463941750253,1.5625036379651338,0.8954120311049077,1.2177888768679237,-0.7940404618990559,-0.5635130704111941,1
0.774721440337491,-0.5334552711846587,0.3334349940908229,0.32197329432960686,-0.8681725140447828,0.928699635478097,1.3716412227432346,1
-0.5827916537648419,2.146083322682697,-1.2501319597329152,0.6967850588107694,-0.8713925348807279,1.0437403467774389,1.4958363142463103,4
0.6326884750102236,-0.38584372006924617,0.3444020519327572,-0.6112550562088542,-0.15566533085615994,-0.7463684811904251,-0.5794425980881431,0
-1.3033020804972808,3.0288339704700538,-3.4433479175188118,-0.6422563528902737,1.1312233246110464,0.6720075133244281,-0.23713603217011905,0
-1.2460586803142326,-0.98472850448606,-0.2468477214988681,-0.7083076729099715,0.4404750945224618,-1.5065689280907197,-0.37734425679829114,0
0.6013261766873693,-0.03244656878497526,0.44995704992672636,-0.1597865628083359,1.245565727273933,0.012848018428192302,1.560147764743459,1
-1.3719792925543204,-0.03833333863794286,-1.0727735189494694,-0.6721566733128707,1.0772248736824193,-0.06315216250288783,-0.47952262881520447,3
-1.3365882225377772,-0.7287140184772924,-0.4481181955750788,-0.4686537394331084,-1.2154847151050807,-1.0203419699221563,0.43137052790698927,2
0.6027027113108295,-0.6564202861767318,0.20682135566881799,-0.41787738016152615,-0.07595880710271047,0.5821139664409314,-0.890786564200429,1
-1.280534408932642,-1.042069006994487,-0.21622269139791245,0.7225239695576702,1.1761799374623552,-0.5878820928177724,1.4256296805230955,0
-1.2895033376029528,1.9224732471441852,-2.5444286924874664,0.4899785819692633,-0.4764633716435089,-0.26658340667566555,0.3158455167587832,2
0.49881093769725404,2.85503890350094,1.1631913501422388,-0.6833036275943517,-0.7830701829790873,1.2196651434624388,1.4868996567568429,4
0.40893838023357676,-0.7988920059798272,0.11297044014231997,-0.33114075869341436,1.3142757966260301,-0.5941118635270349,0.512182534994224,0
-0.35792633365892274,-0.6970158354986553,-0.1785124769096342,-0.6961402275805447,-0.9968136271007545,0.5403109203841685,0.8286630773893678,2
1.4752591634363776,-0.21253552553807586,0.9518893413684072,-0.7092732497565435,0.21139749093931967,-1.113305242406995,0.9713991687019871,4
-1.1375855259003453,0.07705112793164072,-0.969112450143296,-0.3421038237377246,0.9682985888521278,1.1839305509629063,-0.9226764670850379,3
-0.6936173814170987,0.9182137163237533,-0.9693750323196605,3.039026161352651,-0.7385651252470836,0.6782806179885943,-0.5083975784359375,3
-1.0657385091695073,-0.3435406044981568,-0.6487463060314501,-0.513128924418551,1.1262448320472118,-1.0801989793124327,-1.4500639123375616,0
1.41491001981602,-0.737957666853394,0.4683724418844824,-0.6384218884901567,1.1828354452327023,-1.5882912385345127,-1.1008191421143652,0
0.412384416251623,-0.07014262230801006,0.27401680976259774,-0.6984521459746698,-0.9887887442053395,1.349301491618963,1.4163279127185842,2
0.9676143603839273,-0.7192567323187643,0.33545904083054057,-0.6398078739058539,1.1849469629638132,0.2682680663085632,-0.8120752356179511,0
-0.508175485582852,0.19829775653014467,-0.46205581726173045,2.9390756220979872,-0.8084326072217105,0.6253471840592499,0.8944061774072752,4
-0.48268307679304445,-1.075903524558162,-0.052494227087123105,-0.670981714299632,-0.2489500253648047,0.43514822255355345,0.48016699940295593,2
-1.2556805320840385,-0.20360274515177207,-0.8426007024260158,-0.5386778208017848,-0.5834535758237807,-1.3131545587179625,-0.6209944233641109,3
-1.264305170218408,0.10601468178291647,-1.0905597123612698,-0.4628670736204172,-0.07235606112000746,-0.41063576099684956,-1.1506530184781982,2
-0.9511473026440351,-0.9553316627637959,-0.1988948843598438,-0.5484283496088072,-0.8492709149703936,-1.3297609754902755,-1.0049803276298017,2
0.8928111033968255,-0.9556868827445201,0.17892751934685489,-0.7190147264342569,0.12174091619442796,0.8478082930390114,0.7491071193579694,0
1.012815764343407,-0.908524136085444,0.23693676856686993,-0.6112833809418595,1.29834319867366,1.1929054324861532,-0.7075684310868565,0
-0.30722353269745134,-0.7932376239952942,-0.1050127133315357,-0.6796462299476177,-1.1684161179601802,-0.2352959074056961,-0.7335922385194474,2
0.6480203720543544,-0.8976194777840532,0.14313525374207892,-0.32185434102705346,-1.2094744141211626,1.0633951746338592,1.2354406615085194,1
0.315341917714288,2.489136138680098,0.6678461199970939,0.023205919193931186,1.2645398917902169,-0.05190837549009107,-0.7473240611384969,0
1.3590901833151565,-0.3252481999649907,0.7540847894756536,-0.14548451487144748,1.1597994771386724,-0.5138284279884675,1.388970789544262,1
0.5701101217700336,-0.18568492412152846,0.3473369636704935,2.5361926628183107,1.1451068679122482,-1.0664001058771702,0.4793234741231206,1
1.2854433807487704,-0.3636528101920158,0.7059433141354783,0.24076764577995338,0.8685637794721204,1.258302893189449,1.6327509706854908,1
-1.2513624342655072,0.5339304593568205,-1.4023742659671594,-0.5991004061950581,-1.1711071916963873,0.3704832331571878,-0.6948724497410277,4
1.345781139474285,-0.4887052930207367,0.6564756584669494,-0.5037953591751317,-0.3610426816207477,1.2705954030054551,-1.1124443544412306,1
1.2930463686396811,-1.1024912594158036,0.12999990881315512,-0.6226190870706161,1.2543603405900183,-0.9313621083211275,0.29705275770730366,0
-0.6431527537079014,-0.9079847661287845,-0.14308161347461856,0.1854457358258042,-1.1956180561242897,-0.762553942966769,-0.9832045613357081,4
-0.14508384943585706,-1.0125032866179107,-0.021557280451244387,1.1688413335485568,-0.8775270371688121,0.5717895220639283,-0.8796003712637555,4
-0.9430216345302664,-0.832959562553086,-0.25663623317967604,0.2431346362350239,-0.9392468654643982,1.0319521963884057,-0.16503032418472147,4
-1.0230090264974716,-0.20380121790440262,-0.6987778912941318,1.4024797750824383,1.3161654641883467,1.1895664253699003,0.5858333001477117,2
-0.630379555016419,-0.621533638044794,-0.28013458678602504,1.7622944406765355,-1.2013564642593324,-0.007045865088475551,0.7086457042111356,4
-1.312198999000602,-0.15968748861748897,-0.9740445465835691,-0.6775237830339079,-1.2948542330944492,-0.12652103249306226,0.45960898891259794,2
1.4184424188214038,0.27071050373665584,1.3194201350434516,0.11668525622103684,-0.9507263530060207,-0.2166785742955611,0.8661631024680846,1
-0.49443991066052656,-0.911708309335106,-0.09803679783084421,-0.6708509098621284,-1.1415064699697726,-0.9235912479955649,-0.6617796747447344,2
-0.8010653198816454,-0.8943418907442828,-0.2083180402756499,0.05459694686874483,1.2315117152824033,0.6894185560177953,1.1552296640902924,4
1.180251529090002,-0.5232301047999701,0.5367445180272645,-0.36525385048986897,-0.8307662950174606,-1.0212973443458346,0.9876493969329846,1
-1.070461119809529,0.8458877308724837,-1.4259249125348596,0.05606724698672629,0.42199663434691326,1.2555558063231904,-0.5492800748295589,2
0.7773928760574412,-0.7478510499118804,0.23513236032303486,-0.5336684907065896,-1.1699770954934228,0.2400656003011387,-1.1190250519355642,1
0.6267534962448433,-0.7932944738582651,0.17321447534001536,-0.14557589273117721,1.3117950596829469,0.7844300078922916,0.9569870055479784,1
1.2739391911166884,0.21954882016764243,1.1301284639820328,-0.5065869519875414,-1.1102350167724846,1.3695289251943898,-0.3396697084124756,4
0.8780927107486107,-0.37871497853473013,0.46497650904129645,-0.18564987217383339,1.113002976369062,1.033432295552103,1.0632459212306753,1
-0.8413580235152821,1.0239777960846823,-1.241126163232727,-0.7008988070628692,0.740319833636148,-0.7841921670418542,1.534886017978341,2
0.19461017732887284,4.043678819574075,0.5121625376886334,-0.6494682320525073,-0.061915845176425795,-1.1302460473037577,1.0758712277442577,4
1.3794621897272648,0.5484797903773623,1.5175486563086962,-0.6774269424405418,1.31226454722611,0.5606914272167813,-1.0617637037420737,4
-1.1176025927421351,-0.1504051917728037,-0.8176820526734316,-0.4369576720100232,-1.1099160062767204,1.194189745854101,-1.5331387546154431,4
-1.4133844364283639,2.251084483764111,-3.079102825654013,-0.6783225035891364,-0.05213650279167407,-0.9452266057893494,1.3623541205914231,2
1.3671972618398402,-0.2637126665702502,0.8052293183314462,-0.39148101013078407,-0.05967418228219856,-0.5897484523553757,0.20184417772139218,1
-0.08778657380701524,-0.05470171726146916,-0.0633007010815474,1.0821627403410192,0.04747112193789336,-1.1907783313446223,0.013280800706065993,2
1.3851226472224996,-0.8162742516985382,0.4136415582465093,2.069910906367379,0.18278029939399118,-1.1673773154090699,-1.1330702079897286,1
-1.3430569642804389,-0.5071261757133233,-0.6515029104657946,-0.7007967079033853,1.2845704717416684,0.9362637345615452,-0.3370324785951128,0
0.8898239732977823,1.42899373135636,1.4208486329964423,-0.7017678569111125,0.045128722457137296,-0.7013239084095194,0.01363637976914329,4
0.14731917033096015,1.0787188955058151,0.15856534281133028,0.8573649742989876,0.3883846143383606,0.9966309797021506,-0.898535552568063,3
0.17855839441182816,-0.4579277032155605,0.061531110694244995,-0.6691555893672405,1.2991764482466643,-0.39246537083837535,-0.9164678928948756,0
0.5472588749839133,-0.42967162642680534,0.28100506845326656,-0.6323326265566815,0.3851439966420389,-1.270440134632609,-1.3470249412555837,0
1.0655418561488537,-0.9439395399787509,0.22003524809533928,1.6244181487086173,1.143324237496114,1.2083448369512864,0.6479489848845411,1
0.9923476534905824,-0.46956259508362835,0.49358470695112616,1.2602530639391867,-1.2508448057018868,-1.6142884445146264,-0.5668916167161573,1
-1.0603873768794674,-0.1641516650560176,-0.7167440738515308,0.2799126320472224,1.2366080886722686,-1.4482217078258552,-0.6839365556175063,3
1.300542392074132,-0.5746814749518775,0.565734610346213,-0.2891643519607575,-0.9911090241935298,1.1917149328430157,0.6418204988545058,1
-0.5584148185465557,0.26735912307811394,-0.5576906617322112,-0.43474393593420657,-0.9287859427553499,0.2882715136775936,0.07626907844624951,4
-1.2694813243158822,0.9857206771952606,-1.7949231151585225,2.7765806692003308,-1.1972693541977382,1.1615873033498418,-1.1395603413457491,3
0.5670535773968018,0.4658359921560493,0.590002351399374,-0.04709813039387951,-0.10287579378634044,1.1255562957231238,-1.0827282568678913,1
1.1463283883458293,-0.16801315592668656,0.7572660773688935,1.2493154531570863,1.16679984571269,-1.4975256087054953,-1.5163516544471547,1
0.488174032342191,-0.8531454953503697,0.12797582667726073,-0.194585505414631,-1.2136670527366296,0.3440505570617764,-0.6125772316421169,1
0.5324161300464951,0.4657055770282625,0.5657792680632933,-0.5853502660725839,0.9164557431072274,0.7060768112788885,-1.0806132505523447,0
1.3852403115068697,-0.6248202554424398,0.5709239791861727,-0.7086194167918052,0.4364288936686655,1.1477114299444728,0.829682608852264,2
1.3783614616131303,0.8130577579046361,1.708304555880758,-0.6717383083122245,0.700300068805884,0.09392872776075827,-1.7205380084544206,4
1.3361739909583348,-0.3719258124809875,0.7155917815394373,-0.44347297320306245,0.1984349839405143,1.3328792096982855,1.3781656904120205,1
-1.139375771762767,-0.10348719241704993,-0.8349129911109263,3.2972166984691613,1.19453781778015,-1.1768568793894756,-0.8323729032004248,3
-1.3476894621494713,1.161406908529958,-2.050185038105256,1.1383810636479792,0.8428314830679726,-0.23594174253490063,0.5870279342998138,0
1.1063708090919753,-1.019396197272894,0.18750222426082536,-0.6659823620064864,1.3286464707893995,0.8133102579009832,1.1681554989759084,0
-0.7001519935204874,-0.97911035131052,-0.1322220246586159,-0.1924935782038191,1.332304944771739,0.3551494002513366,-0.8484652758870039,0
0.26439391513899885,0.8091208774226252,0.3155430955252349,1.4672252563748398,0.771537995967277,0.9172186099981018,-0.10231329042123596,1
1.3031489637592726,-0.053637785149535766,0.9608872905856584,-0.6755226686989602,-0.9637627901650303,0.37762025794783877,1.0022273685734298,4
1.3824716440828926,1.6078615600361503,2.3835844203178356,-0.6589932182963956,-0.8763202054354805,0.3263424387474661,-1.3992835947819753,4
-0.6079840229829088,-1.041486361258183,-0.12759849786627495,0.06266156970420707,-1.032933401145841,1.1102122828980103,1.0595525383018067,2
-1.3932937015814728,-0.2424486030076912,-0.8905183704011623,-0.3273659009440964,0.5025833644325662,-0.09231492729434562,-0.9991459036276155,3
-1.2804535908292354,0.605186774211888,-1.5030555087908548,-0.6489413351205134,1.2545895878123392,0.5002107580795362,0.7170890097113959,0
-1.262770571350049,-0.38505834814851536,-0.6997544837624917,0.920491809985338,1.296361677035328,-1.6278472787103246,-0.342242246238202,0
0.9015270239181515,0.8757304002948214,1.1489136955792003,0.5401286797820225,-0.3985514128538285,-0.16302775545326692,-0.11822952362012876,1
0.693140859528144,0.8245785299365656,0.8591972143731756,1.014121487950116,-1.2570901366469405,-1.5896897680712758,-0.5115297900505139,1
-0.6396292886946403,-1.0596477728825182,-0.09483634703958424,0.3748906194185028,0.1493217197024948,1.039470180337555,1.3171929432914657,2
1.2690857287620854,-0.025168964268085348,0.9529304581757772,-0.6850890799455491,-0.8270071840014442,1.264774401109973,0.9045850124600424,4
1.147097999961243,1.403961342581329,1.8047028503599718,-0.19119726882144333,-1.2460248995457293,0.19057547484513834,-0.9294813831215969,4
-0.6622251829810629,0.44475266396723967,-0.7011180882660802,2.5906464419550637,-0.9442319720637908,-0.03109515153826739,0.5731564831228735,2
0.1038734891862942,-0.6375829385529491,0.01673159280932418,1.0182363588530767,0.7448994229408065,-0.41879338820435763,-1.706766512408098,0
-1.3849015062378973,1.2617030193708305,-2.19328741153922,-0.1377483896642268,1.1887313743299799,0.9002372194273438,0.9335368044733369,0
0.9816341069872936,-0.15559824602637395,0.6542148647370365,-0.5884700235019359,0.5242356869776565,1.0050424286211153,0.23810923921014004,4
-1.2012011651459882,-0.7762204294717384,-0.39980301340737306,-0.5292262450458761,-0.05941484303296233,1.017653518944203,1.6292512971127466,4
0.3473567381323791,1.1169724023497654,0.46583207969089635,-0.49118374760628813,0.4935568934315801,1.0394754845536285,1.4297607231335772,4
1.177456948156588,0.32813425572125016,1.1097107301558828,-0.5200254054922137,1.1395893292568904,1.3558536811875361,1.3075166433902903,4
-1.2568720860584264,0.5215059471663183,-1.4047582647523327,-0.712342042540823,0.9570911590110078,-0.30654108809594954,-1.0333138690908317,0
-0.16301607324038364,0.9244500396865856,-0.24712748701732717,-0.6741572813174133,-1.1822024070377077,1.182973375555826,1.3067707955088974,2
0.23653992219216574,-0.0094316156182339,0.152229909719563,-0.654448325094505,1.0572262732892423,-1.2710739033281115,-0.17437195242284506,0
-0.38074831396572334,-0.8617559110002677,-0.12456109250467975,3.511650224648666,1.2249289594612187,0.40239764229703145,0.9028449146596806,4
1.3644421653690046,-0.586807013948121,0.593460972718015,-0.6996497868136644,1.1496759410049726,-0.9804898193698821,-0.015546186377305442,0
-0.3193915251497496,-0.5079078186467235,-0.16682047461824767,-0.35974400547824587,1.1891417159666604,-1.5300551255135701,1.4700582302163,4
-1.2241742378610303,0.12517299737416632,-1.0646135825329222,0.4790390195659118,-1.215974763434646,1.3042323647954372,-0.1397772042482184,2
-1.3885944673724233,-0.5363007339894881,-0.6608733460528137,3.696010289138446,-0.40137864665011147,-1.4445470698892182,0.4271757236727736,2
1.3382549493829052,0.5411302074261993,1.4473279641937542,-0.4465614286790074,-0.4714316699307737,-1.6180131290528843,-0.5449836513148424,4
-0.793562145218112,-0.9327710259950445,-0.18075781430363377,-0.6914817801223181,-0.3894025601390518,1.2958039210757297,0.3417193339488119,1
0.4917285368940935,0.0347787380261266,0.38993118897196294,1.3646271695403451,1.078597068974465,0.8941278819143884,-0.9525519988299791,1
1.3292024951283508,-0.030884737587854396,0.9802137323817043,1.5276926049371646,-1.1888746042950622,-0.6617438527071907,1.2827336739208035,1
0.7660941287645935,-1.0347540273516183,0.12552856681127417,0.07299012976520741,-0.12477972131341152,-1.6247974783301604,1.0645917922954846,1
0.11782153415918849,2.4117585250389886,0.18624911431423136,-0.35220199649193146,-1.2170358087708983,-1.3802647949397477,-1.4201360731853983,4
-1.1164273410590524,-1.142743399787044,-0.13056480593338743,-0.05964079522044992,0.9835481063774011,1.2541001802657161,0.15035112068215062,0
-1.1751612144084174,-0.6665629840354901,-0.4628359432301379,0.15102896663801355,0.6165241668978545,-1.3333840337327292,-0.815472789384666,0
1.0161015302926746,-0.2959499115545598,0.5634989596397556,2.2557087278912595,0.8518233629070691,-1.5214061845769946,-0.4466639932775651,1
0.005372191247785424,-0.5548636595732074,-0.00904442973320307,-0.7035007157986257,-0.9689197759600857,1.115902047057909,-1.0414335850919294,3
1.4061973310269351,-0.06882280952051827,1.0284917503869944,2.3026079661473373,0.4186216390693834,-0.3139715519947602,-0.3383966644410486,1
-0.1433469049805989,0.3217350172903991,-0.15077605255459303,-0.6957528515271627,-0.3517895229002621,1.059831364303535,1.5753054268694942,2
-0.6283265829046129,-0.21188578187375484,-0.4080026419462717,-0.6360370774959707,-0.021317678155366497,0.6052965064208977,-1.426546526370136,2
-1.2459451210636063,0.2780073392013031,-1.2291283238800956,-0.7030413847055687,0.2579898710739327,-1.6005665234488937,-0.8984439363686608,2
-0.20209443611948186,-0.37845282777593137,-0.13280493939536106,-0.6441969092292543,1.3021911371253638,-1.4102385172953316,0.2127204392437114,0
-0.5897190309696548,0.825646117335348,-0.7790351646618444,0.4301457678122966,0.9446102752600329,-1.444501435221976,1.4160869992597382,2
0.06068105750189364,0.3820460934455922,0.013011443173429256,-0.628939890539974,-0.25123759211408525,1.2720820816767597,0.994386722542249,2
-0.6056298206126199,-0.6891958755401152,-0.22943789857425656,0.029950084475920874,-0.754230508286168,-0.3824619919941622,0.6320009622849118,2
-1.4356370681495947,-0.9438445891989476,-0.33218985245761906,0.6506891689073973,1.341957075527342,1.2206257274969838,-0.48310436502356774,0
1.4145335259648713,-0.9971422442643123,0.2598729233612589,-0.2864493659569623,-1.2231337200341907,-0.3996104436741057,-0.2912548412451404,1
-1.3560558378461087,-0.8262595973224698,-0.4005494984908691,-0.6833499824377677,1.0736621570857963,0.37314128437872485,-0.6635126394363392,0
1.403108765559805,-0.5981924081543952,0.5894187628520248,0.01051901387719149,-1.2532947447046299,1.2704005549443997,1.794513019750376,1
-0.9094709244498583,0.008293404558367771,-0.7358403018168185,-0.19065474434537963,-0.8968174440934938,0.7201637509807104,0.6604211355452042,2
1.415355593045558,-0.6962758092332092,0.5060868378099317,-0.5724302930143947,-1.1244503456368142,1.1655527720966496,-0.3323791546228448,1
-0.408522335313881,-0.38469786829737723,-0.2420848167134464,-0.1589099729273205,0.34359287562530777,0.7243552300114183,-1.4104184067720769,3
-0.6694822503570517,-0.5166569137139735,-0.32588076534366284,-0.7051227373565827,1.3041356742527945,0.27242154262377544,-0.9852214974348639,0
0.18089715214518456,-0.16101314531592478,0.10229822728054135,-0.1128626176600225,1.2577096356104085,0.3584608616959009,-0.9445889408007693,0
0.8872512584097699,-0.9633615904161167,0.1633841355704203,2.808945065381312,-1.3060103018648928,-0.2426276183579812,0.03966595405559024,1
0.4486863474541766,0.001739757453069112,0.3446181668110624,2.352636801038172,0.3709455004406074,-0.6489975678002218,-0.4081563945831668,1
-1.1805499024409147,-0.010463101161620497,-0.9104325791271622,-0.3366851585596697,1.2800312516842547,-0.062238621257018,-1.3579073673572066,3
1.1822356834541414,0.5745811135159972,1.2946564389385005,0.33111564913782665,-1.2184736144415313,0.6333757822363251,-0.6061135218137753,1
-0.9205063452998697,-0.6890342601061485,-0.35043300073591055,-0.6107496110100517,1.1360280958644218,-0.5911846644312321,-0.7648008671909415,0
-0.10890450399529723,-0.6132104919721114,-0.04434440331946255,-0.6359364285554324,1.2731240923716678,-1.4461946299510293,-0.05947731744567526,0
1.351297759967131,-0.9171046125320207,0.31528080619502796,-0.07837163997229173,-1.224317771490764,1.155888618536377,-1.2833053891272945,1
-0.22549959066658304,-0.7615987771543826,-0.06922934329872987,-0.6852769811055529,0.23453192347850138,-0.0615094807426936,1.1021601800266085,2
1.2719124939215949,-1.050154250426443,0.217912276441521,-0.7031098661974426,1.2280148422565862,-0.010686748900782169,0.780457393919976,0
-0.058415699081153384,-0.9861439164155744,-0.02636366708359931,0.5129038021671799,1.1687812786144653,0.9242997997924501,-0.9562430395188353,0
0.5519622256323036,-0.14892447152622645,0.37615188495674307,0.8630587560990716,-1.2293221949510498,-0.24454156725499043,-0.22305485184287022,1
-0.9437384461438211,-0.8104676269039515,-0.2725236978501732,-0.5266681934106464,0.7851804366825347,1.1489123294625094,-1.0690676990555261,0
1.1964668004838255,0.03867671409866728,0.9715069192688217,2.641903196344084,0.498408901677243,1.1170202348339764,1.1418551588533123,1
-1.2214680161170275,-0.49646607604039317,-0.5931474250322036,-0.6908560469120318,-1.2407970143142633,-1.1979126862344265,0.957727865365643,2
1.2857089828446457,-0.48616005362522596,0.6157901249527559,-0.01927371834502328,-0.6771738282580658,0.28859108630582775,1.7220107317612532,1
0.29764171942030404,0.01948819828883707,0.221224180370099,-0.6495995062857757,-0.714983497708891,0.31700347667067574,-0.5773076737503738,4
-0.6317018642092899,-0.3081042862430538,-0.3867945620778088,-0.5096463900859173,1.0452417196717658,1.284916284354968,1.2433831127129427,4
-0.6378446049565557,1.8230551378569084,-1.2454402807681808,-0.6741670262112476,-0.9971790086169072,0.9955471439057334,0.7005646723984147,2
0.8117261978139187,2.819212135377702,1.9396609399248745,-0.6128335141181688,1.3047573499323282,0.9155633439452955,-1.5570636156878555,4
1.2455525697515708,-0.7927742453449764,0.3661094579509385,-0.6927924268891437,-0.6230693561841493,0.3307546677081423,-0.053227653204840554,2
-1.3759329615487819,5.267134681741726,-5.501339590802247,0.5926455705661852,1.0859647685021165,-1.0251263994677884,-0.4228445347839056,0
-1.2734098123527493,0.01533544652436394,-1.0179425265885247,-0.6906537358482598,-0.052919654990683046,1.237862412854873,-0.24862187694655677,3
-0.6862295100701133,-0.4237606111946435,-0.3890345270751551,-0.6983520316426849,-0.6515747713910315,-0.25940115122423224,-1.4928043363418613,2
0.5464133910876479,-0.879300918362593,0.12074182458008148,-0.700876568690494,0.6228878929951102,-1.1056304748643009,1.3187689180926945,0
-1.1658834005474992,-0.6403874012721649,-0.47493658582504683,-0.3369600001816312,1.130360115261911,0.9295243186264645,-1.579708743684572,0
0.9465605548979581,-0.37779717253474177,0.5404732591779416,-0.6788391870745728,-0.7041344213054848,0.4081004268309203,0.8871827634703047,4
-0.6669779980991424,-0.18135817589762568,-0.4527235653271813,0.43545953490839495,-0.2177571612608117,0.7810658646905455,-0.1834601436821088,2
-0.03615918622993077,-0.5774476937316373,-0.0275368723542272,-0.6547781417607735,-1.1658473428455134,-0.6061205637601436,-1.292630061604479,3
-1.0594650543840964,-1.022664668262063,-0.18917548219599986,-0.678473176269852,-0.28311006835847297,0.8473012733528499,-1.1965324500159613,3
-1.3241494175684387,-0.444198924770338,-0.6876069516647361,-0.6728974726793912,0.013518521033491153,-0.2431728647013189,1.0177414581646358,2
1.11987745487051,3.616684057610089,3.1956607917696753,-0.12393943813522834,-1.2374609166312671,1.1177248055328182,1.0755448558913798,4
1.386880759883854,2.776505134911148,3.3102823457917316,-0.6285237964424238,0.5521556995917895,-0.2993296090870893,-0.7609518911034594,4
0.9640760545990974,-0.3753518620628722,0.5041844547892868,0.3254985964561458,1.2697657857163822,-0.5069722236592236,1.2164830848405728,1
0.979719987884181,-0.16912781617377132,0.6523434147163236,0.16467000766769038,-1.0050485281628585,-0.18182775394355707,0.20938878193667187,1
-0.41011090867341987,0.19716275065508257,-0.3859608471402057,0.33516966449377233,1.2684026403944708,-0.3229609781509576,-0.42018797727413315,0
-0.15283073592929697,-1.0193659014551384,-0.01075111263607541,-0.698558986152667,-0.8414056847708467,1.0527432685792613,-0.2592188873181272,1
-1.4015249495792295,-0.2309542750151368,-0.9123977253168911,0.20308064524791444,0.8187960931686804,0.3588547251560228,1.157284924700433,2
0.5223039575489145,-0.5071952743138329,0.24727528252218683,1.470078961097544,-1.0970775781073565,0.6066472740761067,-0.8627147645342692,1
0.0023412343574486386,2.008961944141224,-0.04486409530197355,-0.545064178402616,-1.0545983610042635,0.7295076443417718,-1.0072720287223629,2
1.4458683758426853,-0.2647909719568873,0.8577421497959663,-0.71235237920067,0.9438084819268577,-1.1707770295427389,1.3242119006939614,4
-1.1276699451386825,-0.14674008709243744,-0.7996527989511216,-0.5241433434911168,-1.1532278075259221,-0.07785709579083314,-1.0432095905815602,4
-1.1291946586814994,-0.9301375016937095,-0.26372482535652225,-0.7069201014765016,0.5431670118503221,1.1469839586590755,0.6254104748345021,1
-0.3805312479900981,0.007561948764731309,-0.29230082060024815,-0.33312156400180964,-1.18834583084176,1.088316330568754,1.3360120738058203,2
-0.7681947088881614,-0.5176391058187249,-0.3992709450305142,-0.6883328725168641,0.028334904771062548,0.8394862342700828,1.2067147487852665,2
-1.3969217947547832,-0.4958391337917408,-0.694480490480089,-0.58340684998937,1.1128766546043252,-1.4853298998431252,-0.7088062213389461,0
1.2119114711627033,0.31679179737300994,1.1288001708509228,0.8750377907936105,-1.035062764139373,0.11562521036409383,1.0608187840053347,1
0.5976630797840907,-0.25425132901290937,0.36961214466891545,0.3514771427754914,0.823310057613245,0.320539839976743,1.2993920973042254,1
1.2670584650812267,-0.243037656958898,0.7942903540878187,0.6507344011418653,1.0673798605300753,1.249853879039886,-1.1916761718488966,1
1.364659772769225,-0.6099632188802726,0.5360340436708588,-0.6953152403811913,1.121904178775978,0.44055262079526325,-0.35435527907622155,0
-1.0499308887168386,4.338615942747581,-3.6671135011462437,0.6741191398196508,-0.33977681098600027,0.43911956418930387,1.575334530160918,2
0.28845525455074655,0.1631656677012848,0.21581442259730896,0.002411908352519616,-1.1801111958373296,-0.042592152745650556,0.05404823397758003,1
-1.3872294556014415,-0.9469985148794219,-0.30344028099001924,1.679606711057165,-1.1474923994820216,-0.9941340206145662,-0.1808213963409894,4
-1.3058382865552836,0.46330161034736933,-1.437993426449923,-0.7027844642070872,0.3667280464920059,-1.3184520241538968,-0.889388671556726,2
1.38816641667095,-1.0895468139308886,0.17176701494235178,-0.2822425454409642,-1.1937715365452704,-1.1803194634193033,0.5059162977025223,1
0.2984816497512955,-0.9007567950738999,0.050372730322024224,-0.6163743057339995,-1.181414056942729,0.9368372328231291,-0.11833641087997326,1
-0.1135954604440707,-0.6348733836181555,-0.056596967800617966,-0.28579334629945724,1.040960494612585,1.1738772803119075,-0.4415319744730522,0
-0.2314817204288012,1.1809864225005218,-0.37229136448138533,0.6701643248908845,-1.0126128326593298,-0.7741388505445427,-1.4948925392405983,4
0.15668014348442583,-0.21648027397088884,0.09461197912515966,-0.38829610746729165,-1.2636040694416213,-1.6752391784472218,-1.335206962368381,4
1.4127952703781246,-0.9238785774420253,0.318920248305275,0.30576392710315664,-0.7671141362683027,0.5755909624393357,-0.009615364578580072,1
0.6528761704155068,-0.3930583476832551,0.34031102471873775,-0.5885788617894528,-1.1470446866589248,0.7864505326664848,0.5859326051497843,4
-1.3413491293721467,0.6780369708924553,-1.63123350581788,-0.6952582575178057,-1.069930268241107,-1.488163396330246,-0.5943461554084144,2
-1.4121870067366604,-0.09617147076357191,-1.0474250876603284,-0.6676409994436578,1.3019513433755474,0.23031915944554038,0.6408760562079009,0
-0.7068682036227945,-0.37576020903023677,-0.39127655729551447,0.3233581160830368,1.167389082303072,-0.5421417331125186,-0.5048153500724164,0
1.4297242517575806,-0.8015583887996559,0.428683793649966,-0.4375368373934528,-1.2458594045348956,1.2266790929147058,-0.4597455809622359,1
0.46194835372228676,-0.6453897173646914,0.16550179671757667,0.022464250879632757,-1.0735364281546886,-0.09956174733349019,-1.650380297335918,1
0.4925259572687933,-1.106119934332351,0.06173675265760245,-0.6188979559672274,-1.1493377308978807,-0.8564696927536735,1.6267679051648458,2
1.0443515194119821,-0.8488299896532062,0.27434276619470405,-0.7096433526489794,-1.2270863547676523,-1.3300538995336597,-0.7274529794983656,2
1.302583531194504,-0.373437276721967,0.7098930722354758,-0.11827680585850157,0.3008644601176629,-1.548317997596356,-0.16089331783621336,1
0.149910203758382,-0.7589556175481602,0.05934430610940105,0.44770600969243646,1.2187770652377745,-0.7991413906443378,1.1151068740429069,0
1.0936125942895307,0.3300364300553931,1.0606132484609025,-0.6931021001629613,1.0993463663833836,1.2631411987646126,1.3408077615748517,4
1.1051018673597963,1.1549388004988657,1.5658192471680106,2.4728124270437237,-1.0185359125392692,-1.4626142177262642,0.07128405942308631,1
1.509969000627264,-0.41549671503360086,0.785639979399484,2.56455197034956,-1.1337352738737831,1.2053717535787847,-1.0531447284298234,1
-1.31222819097499,1.0158394398967587,-1.8456391746260588,-0.6310972496819585,-1.206834313028344,0.40166318462927353,-0.8033353434162204,3
0.22496540482257588,-0.39595522514003634,0.10161969270921138,0.543166334232862,0.9822710203602852,0.840599056017057,1.9103472967695836,1
0.7364456074117165,-0.06924670541255216,0.5540857680305334,-0.6899575160810789,0.7784424842879765,1.321169759350088,0.6133945001714759,4
0.37525392353578213,-0.25473101960829,0.19397034948437,-0.6846344737208512,-0.5350859209325082,0.24321635065839559,1.1135960474838331,2
-1.1791011751883278,-0.7407629027738926,-0.41880373338754817,-0.03596479536963369,0.9059918293924806,-1.535629559749688,1.2194424112110898,2
-0.773450033473877,-0.6745085345050528,-0.2981412225884135,-0.19932463287947533,-0.9854422661180483,1.1839886155398065,-1.5419529014525524,3
1.4281340784512684,-1.070384505712936,0.19027974923076682,0.14905694294978422,-1.2233971765454763,1.261384120094573,0.8453329197718478,1
0.25915298215603366,0.3108927183272316,0.20699543263452366,-0.7055928242643267,0.027397290114700986,-0.6995899892169108,-0.40785053126563764,2
0.6156920157184803,-0.02126224430754301,0.4658755959144545,-0.7092878771555557,-1.2609105119071609,-1.1679209864090137,1.2054151349077047,2
0.036065468300474426,-0.7078967080431906,-0.003062947828553497,2.227005944214605,0.20678585064207874,1.1027421972716451,-1.467980433090098,3
-0.5648400496357523,-0.9284369009404233,-0.13007514443445187,-0.6736752664162732,0.7122649238653219,0.1805730781856139,0.32890834904178606,3
-0.050701282455107896,0.3857719693703588,-0.08665342533194388,-0.6961757882857499,-0.9769345474722227,0.12368015451127526,0.0023443908733772937,2
-1.2990091181187475,-0.33555439414609045,-0.7849573740278808,8.09692084781937,-1.179054859797338,0.7917641530129987,-0.8486736045746041,2
-1.3684537025985508,1.3253226219376533,-2.190612267777966,-0.6418125787662236,0.6899827742253413,1.2396445989617593,1.1392378897511097,0
-0.3689898712729168,-0.08570946907779729,-0.301520435426441,-0.16494912605108375,-1.2317479849289186,-0.325868583691174,-0.1793942820928039,2
0.6947706911054311,-0.7813322558095301,0.18868011836321824,-0.6647218761800542,0.5088494750638378,1.3649209578216404,-0.5182523267934191,0
-1.3758712937183422,-0.2954166879286107,-0.8667295556358936,0.2376926150750354,-0.4317051370247538,-1.0146376490616646,-0.7386744852945103,2
1.3341766919165587,-0.2009156666995265,0.8583377581507033,0.4918658215467826,0.6276814837128712,-0.19676108594459618,-1.8407359247080908,1
-1.3399892226568078,0.10253648765741055,-1.1564380968517582,-0.4131896665084817,-1.2584702895041429,-0.8864922861878913,-0.7773577289918447,2
1.0114469361536669,-0.609027659935878,0.4181578867387925,0.6471770120947364,-0.7630366598807505,0.8934944224935295,0.33922062799326524,1
-1.3360281902416966,0.6345843512820061,-1.5685486503024064,-0.5789049849836441,1.1426499102617957,-1.1143013657719067,0.7856301142008568,2
1.2718626212423203,0.6473172390708528,1.4658825004811882,-0.17226909657497205,0.9100671716204479,0.25789473441004546,-0.5754836897470874,1
1.430365717649769,0.8170841306792805,1.7858775516004954,0.2863955999995954,-1.2484693785709287,0.9793708151111342,1.1710075119501686,1
1.1686592493714303,-0.6852116832523488,0.43281653491624533,-0.2552283153668608,-0.6256218345445216,-0.23523250208857127,-1.2929611346186283,1
-1.0324949311144396,-0.6547474984592502,-0.4099018728093012,0.885625867897248,1.2329982933368053,0.19011529936859725,0.9514579711818841,2
1.447256282924507,0.675022425785468,1.7025482425318856,-0.4515910692047349,-1.2875122967185975,-0.29865381999649215,0.7222326560696908,4
0.7460511926631027,-0.4128213186428525,0.4000763077650546,0.9028125349861816,0.8142705028839239,0.796272020831258,-0.7746463241630125,1
1.284233321696247,1.73893320681211,2.2763433574332548,-0.7134235512675672,0.5411993217748887,-0.0740902092012896,-1.6056635389037455,4
0.6954689171340586,-0.855145861966901,0.20707886821598617,1.7324803781417761,-0.14570909016159328,-1.3217199199917558,1.8059661384004855,1
0.9840323343551441,-0.3238817298909905,0.5556045155638015,-0.7011137717535468,-1.2032101791719338,-1.3314999757500736,-1.1367486056664438,4
0.6995861205052777,0.19892578074325826,0.6115425571694321,-0.4696966362868428,-1.248834352411903,0.5563459697890173,0.43730409944326526,4
1.249107031093594,-0.2602954300902955,0.7692286020039056,3.316532446481627,1.1481764730304198,1.1797900008215376,0.6589401525908691,1
0.7284898235501026,-0.9379829032777107,0.12508376901618015,-0.6774074114267443,-1.2253410600764765,-0.40318322693793873,-0.6461564922074061,2
-1.370957443007535,2.8700943058479744,-3.4833822593499093,0.3406220482072113,1.324661209117359,-0.13981371112158839,0.98710197378496,0
-0.9206083089109923,-0.8645306792330283,-0.2420130842906374,1.3059155512599052,1.3477945420690443,-1.1574239703279137,-0.27781505433576126,0
-0.14462673890102806,-0.5511237212605231,-0.08949751589492977,-0.44050683594951495,-0.4340727633033243,-1.548360757633945,1.4545541401962885,2
-0.63080111431904,-0.40981240817989406,-0.342972545822133,-0.6654448255840189,-1.1707293596870951,0.9369655421428429,0.8843298224060067,2
0.4284140341878864,0.7663671305203589,0.5041757434419643,-0.4321805126809553,1.268948532134096,0.8627818870753872,1.2445751233346112,4
-1.0222427317104983,-0.9790533359612473,-0.19277564379582238,0.602677519584476,-1.0833721699134848,-1.2325360937643113,-0.5047582718213444,4
-1.3929258258071033,-0.14395703419519373,-0.971712023733522,0.3685617514600771,-1.2390505478307603,1.1536515417369329,0.06719648849485114,3
-0.6367415634595267,-0.4684992673503099,-0.3341301163729987,3.0866911014507092,-1.1976960682593492,0.0313772477313863,-1.5329488410804393,4
0.7396522176598898,1.0655003349434666,1.0158328442945739,-0.6664896881336551,0.6551664730715336,-0.20201374102985103,-1.2867958517928015,4
-1.3244502152849278,-0.2653060308787047,-0.8394549413723021,2.758692404212573,-1.135256090425677,-1.077131337438308,1.1076368435123,4
0.24376888080736286,-0.28424558207771106,0.13556512246349314,4.2714881673796965,1.2822603671225636,-1.3075798820836455,-1.6121135280375671,1
-1.3890218508444054,-0.9230017272462131,-0.3021852593045909,-0.6858141538675399,1.3282897968313614,0.24522284701584485,-1.0885925147162707,0
-0.6585757965358817,2.2358563556041213,-1.4589330725410619,-0.5507444192938861,-1.2556198853505378,-1.5843826263782728,-0.23067714294901967,4
1.0310778900707682,-0.66466066148983,0.36888702543421364,-0.5120902258713099,-1.249952067268718,-0.0775810370689473,1.3024596189427171,1
-1.30895320623938,1.2010155114290062,-2.0256882335642294,-0.5044023003946456,1.2693042757520605,0.5390923526015478,-1.059437856667502,0
-1.2438563172063322,-0.5121183686959587,-0.5970648640609625,-0.4196747380242166,-1.0465810440066252,0.45627078334559296,1.3954345039261613,2
1.4164234589587832,-0.35259904453541313,0.7872112597172398,-0.41607007641079014,-0.0778916253123063,0.10754330775801346,2.0136610842955713,1
1.4058393289169981,0.8970391276553843,1.8067854245773762,-0.6590185864925819,-0.5143231839095478,0.4558976346042798,1.4491059224840672,4
-1.3355231882216858,0.3544930792806539,-1.3286085755946704,-0.6942617821533535,-1.1869723404072838,1.3175338366313978,-1.5028142336453032,2
1.3673747018921085,-0.6346917201452927,0.5641908866859934,-0.04255127781830721,1.0595644729639189,-1.5836797430513265,-0.7777926006764931,1
0.1109895134246612,0.5564046711952026,0.08395877486718487,-0.6416688255279697,0.36704713661723554,0.014560608407330401,1.5751543882167625,2
-1.3279281316487028,-0.7098522770215995,-0.4711890238632412,-0.6988345618252018,0.8355027730397168,1.141034729044811,1.4841264910717802,2
-1.0649800158130855,2.0624472958361793,-2.2071094278111625,-0.03652092575801181,1.0618901651381867,-1.5442406317921125,-1.03909679496265,0
-1.210838974336198,0.3866376515480941,-1.248054676641196,-0.37415039310534176,0.7017846148798899,-0.8519301316804015,-1.0468577533043664,4
0.5023235893655298,4.985107622452583,1.8034854817293509,0.00699487238804954,-0.21109896938663536,-1.4437311439828227,-0.24213134834168976,4
1.2478616879012605,-0.8804070864144606,0.2993768404640613,-0.5176478159359033,1.0131073207240993,0.6461544448819789,2.302361836201538,2
0.38866577560585364,-0.09996956191502111,0.2502970487055266,-0.04139541076657505,0.9718676909768018,0.9886920305818133,1.025192934206085,1
0.2657676339039741,-0.6769256298373333,0.08141269178724819,-0.5688708975085882,1.285034505664377,-0.1562849610801811,-1.260905937059502,0
-0.5266770919004746,-0.37075259608937056,-0.2945165198143626,-0.04448606311789719,0.8917986035356844,1.257833735423558,-1.2788659014969286,3
1.3603666036101714,-0.5396087918370873,0.6062978066764462,-0.6434915326921116,-0.812433494427573,1.4008314263367652,1.9751439248023313,2
-0.10715405487494789,-0.8847185452976902,-0.019512030462255487,-0.14580720175204442,1.1053565840324229,0.6614040550759465,0.36807519151736323,0
-1.1982107688849029,0.13868615375008275,-1.0732789199312134,-0.04672800645074098,-1.1205795694094371,1.3246528700342854,-1.3808233515436636,3
0.733046000540538,-0.5108633039942886,0.31458821510729695,-0.6313527030191816,-1.1454543359728606,-0.48415524883036776,-0.5808031554837335,4
-0.6542331343133658,-0.45505161516501824,-0.36126743182206394,-0.23439946438732698,1.2672284955585897,0.5091849015240497,-0.19963267255782458,2
1.2431397913797018,-0.4507125573561938,0.6221286063688285,-0.3131267286360727,-0.5094968582107352,1.274440707457737,1.7551623569880814,1
1.1586267162741721,0.7341097489089207,1.3753656280018598,0.1142881350947343,0.1586423697767268,-0.9828366323304464,-0.0993301710737245,1
-1.2025806948559674,-0.9590259300511388,-0.25045456689494255,0.36938828427293036,-0.20548839991828768,0.5285549521379361,0.22923543315958428,2
-1.2663170536158599,1.3440140340254407,-2.0689111182558735,-0.5605322530361273,-0.9718606226843082,1.037807786673478,0.7453691480255774,4
-1.2058153330293648,-1.0848145009349892,-0.12468934103377537,-0.6265931642912169,0.8309682358006174,1.1963643830203565,-0.23837294855168392,0
0.9515344928792534,-0.5899312173459852,0.416035977792285,-0.5855632204654785,1.2917476533773142,0.5143797049121481,0.62546585578322,0
-1.404399683309621,1.4436666565334684,-2.3616759676910966,-0.5595327913018795,-1.0111753096072207,0.49596893166962525,-1.3265964452715213,2
-1.2467151432465,-0.569166600585518,-0.564135619829655,-0.7012645602692907,-1.1860984155440122,-0.767163335794312,0.06248803695800553,2
0.6004211702842784,-0.35214202319259635,0.345422087729889,-0.49405881472868757,-0.07471643953152095,0.5535784221600009,-0.7693049693007896,1
-1.4015130576948287,-0.5578954531556548,-0.6246384449148765,1.7864541706231738,1.2309922889453937,-1.2820175641470481,-0.6446482624395549,0
1.0421223763720597,-0.767247604336851,0.3146750668329761,-0.5522343765712868,1.1887179572321702,1.014614780636696,-1.0385888744467935,0
-1.3888117180211257,-1.0330861082331542,-0.20661078367669952,-0.6775009027654585,1.1113594870332135,-1.6192840256414873,-1.4165524434176302,0
-0.9619925760695778,-0.5137376413478341,-0.4666986670172419,-0.1064673131943377,-1.2420898444889474,1.3100670975292135,-0.980503509019189,2
0.011826632478150094,0.2296993695843826,-0.012230913893054113,1.1087759133667185,-0.6988370854878028,1.137504702243138,0.7500974946619984,2
-0.9953020609766069,1.470748785483791,-1.6790329580374401,0.7705444062025205,-0.2075520220569563,-1.384862126368861,1.1673536677665357,4
0.8719799917783553,-0.9197433819649478,0.18317642342570745,4.662146043458009,-0.6485815885148342,-0.12592560130377076,-0.7531017361109646,1
-0.5546091961410969,1.058777530854043,-0.8295257049131272,0.5273543134978719,0.9404724127085444,0.4553904866755986,0.6345528333486407,3
-0.9954264553726774,-0.8576830914753293,-0.2988821760888836,-0.6383016633647876,1.2154764013885127,-1.3812966072273445,1.4849334938490404,2
0.6055420691543614,0.9704888187313488,0.7888000519233264,1.7800052469209022,1.018542440207022,0.24532425643313424,-1.306749180885254,1
-0.6889958942411123,0.7741671832280334,-0.9119056709804233,-0.7031863843557221,-1.1852732173009093,0.2424144763361118,0.09969739060863439,2
1.0433120650549494,-0.7473339444552568,0.3425335265199219,-0.6852840291833062,-1.2777164394710865,-1.6737490156863595,0.8310629032149512,2
0.36074685240309223,-0.0793579171233153,0.22771459601688546,-0.4577241311531344,0.5655282187556433,-1.0907419296724101,0.5927227820913242,4
1.3906797982632664,-0.9001489744202369,0.3325535701346605,0.015420932638791527,-1.148354796260338,-1.6265018388614165,-0.6902928565088284,1
-0.9252285648993325,-0.7216080904026528,-0.3299594544661293,-0.04850193147404882,0.9676348827868955,-1.506295836199807,1.1373470554598826,4
-1.1364047118965923,0.6875547739148997,-1.3832080427415943,-0.4245112002619695,-0.6359844759680521,-0.8730403411816017,-0.31417084287657027,4
0.9248751083722456,-0.7190805554872972,0.3192985110171996,0.6913168526639225,-0.20184485116808892,-0.9807156861338715,0.8102340187081256,1
0.18583467501014486,-0.28427325685171534,0.10378508446810289,0.648342853895078,-1.2952484144320269,1.2283103018428323,0.6617914566367702,1
-1.1856302440994793,-0.7412408702407564,-0.4052878969029197,4.348285840124516,-1.2365862482777827,1.272835269681176,0.20207149689874507,2
0.9134716476467541,0.9667592437056195,1.1902484464036023,-0.5750442025046667,-0.6615592701835065,1.3604382823528045,0.42760550938089265,4
-0.7792739548732771,-0.9917531767160295,-0.14169577872451242,-0.6994141583419095,-1.1001326101825706,0.818050165590543,1.4766169283435633,2
-0.7874420855401285,-0.909784149561387,-0.19054725837047617,-0.6884900070171724,-1.0172909407614001,1.232732742952127,1.5846550950230454,2
-0.7409927177761838,0.26809774725389796,-0.7286163874367707,-0.6073226729161063,-1.218428208722553,1.138856231939996,-1.4134746402070042,3
1.3128594384871273,0.17622008180096566,1.15131402400249,-0.6330118498359247,1.23759697137939,-0.9133122772474722,-1.4772038526574711,4
1.3327478248836746,-0.2181086072849513,0.8537475882124375,-0.16993308379177618,1.171496107375396,1.332786415981771,1.27743915723641,1
0.9692029897951451,-0.8465122000941161,0.25505810229696274,0.9463640018368887,1.2286690583734918,0.3178709365726977,1.4159036030326733,1
-1.290241470228907,-0.5410230248153518,-0.6042796035293198,2.5264814337570907,1.246910915311365,-1.003703586695428,0.4074499222055607,0
0.14844319898112346,0.2971127023021407,0.14638196746359305,-0.6610462745924476,-1.1973884246285886,0.12696258728103743,0.21134700264887435,2
-1.2396752592068137,-0.6135959586857305,-0.5198014647357702,0.3518313335968365,-0.5794540404320617,0.9980065886803181,-0.7965600981400375,3
1.0534817067592877,1.159549378399782,1.4933581115203511,-0.37995642213519876,1.333952292743529,-1.5258763437010416,0.5369398531794656,4
0.5906511711530862,-0.6270471989846622,0.20419876031061523,-0.6218725698560973,0.9365751818622278,0.6086957525324469,-0.7263551298135427,0
0.5699850216096657,-0.4366248414934037,0.2873894695868588,-0.2928759324227603,-1.175870074960041,-1.3615858278396586,-1.7079381258665867,1
0.4154739348056399,-0.31756358515715566,0.2336582729552925,-0.4325584456085159,1.2577463376402631,-1.552494265100325,-0.2749005243607101,0
0.322328915591535,-0.6862941469790552,0.12375454171929955,0.8522835470524802,1.2693837533449328,1.022824442976306,-0.7652468067931496,1
-1.3717657392735623,-0.23659551165613554,-0.8995494104921506,-0.40265954144015587,1.2222336900723572,0.23126867275633856,1.5168769751942552,2
-0.2719750766163468,-0.6660727147468805,-0.13200876629571218,-0.32177667978488783,-1.1819776743411838,0.38645842464733626,-0.09587098493608484,4
0.22675953713589564,-0.6695187891234156,0.09212491950161897,-0.6963606071025308,-1.2739339815452104,0.5846961747817301,-1.0830698366729323,2
-1.0513207851771162,0.23375501716400277,-0.990424971754216,-0.2411276853318753,1.1850264903091827,0.2195373961420955,0.4846434868259526,3
1.0461862547051959,1.6738292028627841,1.835856899667521,-0.2336978500345276,-1.2541575537518181,1.2626291645633987,0.5648967712779633,4
1.069961226304758,-0.7715628212982811,0.34785899615989957,-0.4456714919671148,1.275524147625809,-1.648247966859999,0.6082341252899632,0
1.0580907601305334,2.13160135953568,2.143168926068774,-0.18995107456754878,-1.0100250577601164,-1.1304669272081864,-1.007808450594417,4
-0.03026643835047061,1.2332989846928166,-0.07888086541527632,0.12142670248946906,-1.0625861192908361,-0.6487825344209128,-1.7650151218480519,4
0.35435856243700636,1.2493368621324237,0.507705989777422,-0.4514886143226718,0.903103806753318,0.8136788122241153,-0.867217436616994,0
0.20550071414226448,0.5840601935649974,0.19831924562663986,-0.6173909366525547,-0.7231001816620508,-0.8873337510131678,0.4348149359789307,4
-0.8189825903266325,0.11906845545766809,-0.7001532834530161,-0.6685624116656996,-1.2192004392228908,-0.2709767494483336,-1.0201765214066463,2
-0.8677821234457067,3.8328982771017572,-2.7548329535120715,-0.650030084184597,-1.1402080756337927,-0.9923362030578861,1.1406253661208476,2
-1.2018750899009092,-0.6651547234204169,-0.4827229528149425,2.4831900729158423,1.2797260623160773,-1.2705921455919031,-1.3109413559761454,0
-0.633809713175443,0.03653300439415087,-0.5522541584940054,-0.7060451443976392,1.1772996153063324,-1.2650262558430292,-0.7373720770929277,3
0.8443272546418181,-0.8612656506223509,0.1962655105200714,-0.4484688443682893,-1.0624240065938366,-1.64451158856349,-0.33851497555661925,4
0.7738966139105621,-0.42962918141929746,0.36628465726111825,0.07400818333326493,1.3094320657537497,0.7963560842099264,-0.6680607683595258,1
-0.9455231652779607,-1.0220722077111644,-0.153226829205464,-0.20069738548713545,-0.13077616100158088,0.7409176574449835,0.38241877159876175,3
-0.7687437795427896,0.0956234760739064,-0.6674406331676515,-0.6662928170431497,1.080064509531296,0.13537563478027279,-1.8528767491715212,3
1.3110523226957747,-0.3404597961347195,0.7370076916876461,0.1408697961049488,1.1985931607886302,-0.12945262860031645,1.2154610043495535,1
-0.8004797160727264,-0.7247265406885792,-0.2794465116374423,0.5509220564982814,1.2969368200489215,1.0295315120608768,1.374267244568012,2
1.3868899152088894,0.6040920488400398,1.5414431674963678,-0.7043550828323701,1.199733219285246,0.9840438050171574,1.3059454283987861,4
-0.5819289493585457,-0.7334775806920377,-0.19852071495065288,-0.32794474783616867,-0.7489633132692738,-1.6756527056614345,0.3936256592921373,4
-1.293986646314259,0.1065424647276381,-1.1047183355124146,-0.3526604449688127,-1.155674099815993,1.2376701116599527,-1.1283532549209008,4
1.38871368319609,0.043907020990415185,1.1020446054937114,-0.5753668892916,0.9695981161139359,1.0938072696784849,0.8066834503771194,4
0.9555816824091174,-0.6538416896117193,0.3679731082385051,0.20687455956664455,-1.1925775006918868,-1.5879139644372036,-1.0306132782631157,1
-0.6522575873881742,0.9441578191348807,-0.9113701398392505,-0.6921604435710508,-1.1755010181469359,0.8922053477249694,1.3486662942523056,2
-0.5390144745982814,0.46724593557346483,-0.6319093907946429,1.3890785375776362,1.3178194569277426,-0.04777423743408644,-0.6688973873032183,2
0.42058963653227727,-0.5666376853318043,0.18455976214949893,-0.5411221201896692,-0.9471385003808478,0.2869134540867479,0.2799212544463029,4
-0.012976761748721014,3.0777050460957236,-0.10925927195146119,-0.5801014078589583,0.09862065663193624,1.3172887918884955,0.8893704797801331,2
-1.3106668050603505,0.2853191855424501,-1.314317724891538,0.9810425087394795,0.3970695925548462,-0.6041263951545116,0.8067592092850625,2
-1.375202884839546,-0.7867778128788049,-0.4444889991330909,-0.6641226023009326,0.8289125645406961,0.22329055802099568,0.6150066230036305,0
1.3706674118649507,0.9413532090334041,1.8315208020914215,-0.21285022348521448,1.2536624312036297,0.4718866027627244,-1.3749958542407457,4
-1.21265641230466,-0.32570065302321777,-0.7188820014905865,0.7169732672044256,-1.2463495541279037,-0.10886302183381985,-0.856989246752854,4
-1.3502029027498177,-0.5569965652906235,-0.6365537351240711,0.04662548517925831,-0.8182109461412485,-0.9502552146958014,0.5957839169423894,4
-1.1978668340491405,-0.36623226654065855,-0.6844103774330763,0.7948345788453205,0.7405287075720156,0.9705189402266913,0.7488750817267447,4
1.4331605595463117,-0.07417582570564576,1.0295689788526328,-0.5129461179376132,-1.046085756964363,1.2630220052411152,0.6891454909566879,1
0.39965590328759254,-0.9741373002348873,0.09449563381524273,-0.6895227748663874,-0.39990038984181164,1.3607147914524282,0.4218079140293452,1
-1.401579830205981,-0.5146400850625134,-0.6672730433251532,0.5731110294402672,-1.055048853419456,0.7876853921717848,1.1468146866985107,4
-0.35901572850895624,-0.4793402224235523,-0.18451661993169044,0.25365613696396616,0.9221174024862768,0.42493718960909527,0.21098030461886413,2
-0.7854339782598752,-0.10906154011781367,-0.5626254274036017,1.0554714869091162,-0.27000043442537175,1.2031399417982764,0.8453607238084729,2
1.3511043577474935,0.749401621244992,1.6462607330886232,-0.5612558847947,-0.14125974256717544,-1.6288978362364301,0.7562388910520573,4
-1.3899923752022083,-0.9572485330425874,-0.29961910822303867,-0.25282413439698076,-0.33386632676658823,0.7932657032984897,-0.13945649518058906,3
-1.3208188528696243,-0.366322721298688,-0.7638586635088038,2.7331152622977988,1.2303513925259257,-1.3336708738279124,0.9104604406498775,0
-0.46153199621592955,-0.6063834877835176,-0.20859950350095482,-0.5133565004801363,-0.9726418627030252,-1.16845013434669,-2.102797383504141,4
0.2345490174146871,0.563341547044896,0.24709443329305475,2.288491237041569,-1.2702180265679146,0.5257716407188454,-0.06495297755728163,1
-0.8054053039629102,-0.10076124548965423,-0.5855976821193203,0.4102181692263169,-1.134453781051949,1.233095660788125,-0.6954831510759474,2
0.5560734219668293,-0.04270684606118535,0.3996028187802922,-0.46687922739666965,-0.8486884125210278,-0.409605883952087,-1.414070810354557,4
-1.3123668093402714,-1.0673452840492486,-0.1879569955157634,0.9712668136530057,-0.903127931819228,0.9343506120693815,-0.7781072644397589,3
0.19808587397267394,-0.42338885901257906,0.0825159438657495,-0.4210003779922717,0.1507529090069944,0.2659314264119034,0.9815292602298049,4
-1.2734026454015053,0.43417579221679303,-1.357663911651339,-0.41149059996988346,-1.1971167496492046,-1.3322542494508984,0.2739985276851876,4
-0.5495337856674768,-0.6420389274931843,-0.2518757513037035,-0.14554027160992195,0.14509183070681853,1.3104790252234284,1.133030801343763,3
-1.2621484166962873,-0.508748865127592,-0.6003313116711348,-0.5711926580464143,-1.230632069754404,-1.547049380003265,0.9666727072034178,2
0.3792016778633996,0.30885245317904153,0.34431899204627053,0.37863502650296993,1.2662751990091685,-1.1940075798587786,-0.3460506966456194,1
-1.292011138559463,-0.21876911698754276,-0.8642588495752117,4.921225643506455,-1.2442454402519951,1.3835299038014959,0.5423561916101091,2
1.015148714618811,-0.22412463902949922,0.6297675596167879,-0.476660362116543,-1.1557882701318103,1.3890986555806546,-1.643219898723216,1
1.3996447756206347,-0.5774909619816041,0.5946624739271356,-0.6009813949997415,-1.2086603917898067,-1.6229229302315074,-1.1852371036445368,4
1.114827773358588,-0.9354036805092564,0.2445930834467203,-0.6134160288293686,1.2884333113604325,1.0730440078208936,-1.7542650993566107,0
1.4438030440483922,-0.25679860227110707,0.8992739423502827,-0.6416985474101107,1.3547862830986912,0.32191887813328623,-0.9040072873363182,4
0.9627352828140291,0.7040391605087882,1.1392286476647857,-0.6771245068381386,1.298669769767723,1.177543766771019,1.2667345241482475,4
-0.3757438862044094,-0.6352173535557702,-0.15097054310531471,0.7317024888818542,0.4285927267283494,-1.1756596286078285,-1.473541140767494,4
1.2369886440946474,0.6968335253647999,1.4550581626086765,-0.2848255155580713,1.3161498753095422,1.2145907781191414,-1.2509000915053068,1
-1.1580919312643245,0.5772939593890802,-1.3528500576829126,-0.5155358857837623,1.2358268593381407,0.19463072594133482,-0.7745494100051215,0
1.3133483613787027,-0.8615869073195979,0.3243094828955158,-0.6858633608021886,-1.2024026682840137,0.808688185486648,0.8299004506925849,2
1.4530858561665527,1.759859284883881,2.6224445027870056,-0.3335150395745707,0.8270512024537567,-1.5058191658150368,0.8492438376742576,4
-0.11463792760568067,-0.40109752836427914,-0.06938661605473219,-0.40723675634250206,-1.180432100116977,-1.6727565814291927,1.349159698701392,2
1.453736901202628,-0.525314251067538,0.6643396656772563,-0.7100004267308456,0.2908114700433654,-0.0547223537530659,0.09653339824950273,4
-0.4176105086209312,0.38779934073206457,-0.4623801513630134,-0.2989201285974351,-0.7894554705976478,-0.14079244845205321,1.406102779095923,2
-1.3691176911449436,0.18672214294413458,-1.248195483990737,-0.6842300281677332,1.1479368949871882,-1.4297164852789583,-1.0166421170761466,0
-0.17790748607874707,-0.7066461179837091,-0.07822624571419325,-0.7022479446982001,1.2746343528241735,0.9849593974872863,-0.19267760994397884,0
0.549260880575794,-0.1180554172197446,0.36708127672174273,0.12169556936333616,1.2352899366193144,1.3129542552417355,0.8973140560245293,1
1.4376244601069463,0.42438951933593205,1.4765962077130965,-0.7018120441576644,1.0869938206482803,0.3175908472110979,-0.7268463380925723,4
1.4117497196469195,0.46502313671717965,1.4544047538133602,-0.6954953222476546,-0.08363897013687187,-0.08426063315632935,-0.6174887431078593,4
-0.7832192499503221,-0.8083163388973449,-0.23431179651106673,-0.5699133914840341,-0.8773047812716389,-0.8013139511137133,0.9377357611977737,2
-1.3125436217528266,-1.0269264371851756,-0.24036383941450468,0.006541231315701242,1.2961420693978558,0.04772199777685171,0.48161674484906136,0
0.6310013052843927,0.040862951125863675,0.4771765852015975,-0.06343207079686583,-0.7656009950251966,-0.8128253465486118,0.122666218778255,1
1.2704034891038818,0.8729127725375925,1.6078934478334244,3.656773113109583,-0.9221480538761451,-1.1538719201213845,-1.0448517431913338,1
1.428770348878829,-0.2927867186787237,0.8462391833722891,0.07885934084442678,-0.9844468180605165,-0.5758204531697119,-0.16047330134552137,1
0.9734970296049581,0.69679288769989,1.1550272686054919,-0.5421858637908462,-1.2190306724119049,0.43651121134003257,0.3328606871912105,4
-1.1617581932314638,-0.8322866941463105,-0.32642862263296113,-0.07214569207269635,-1.122169468627872,0.6533268611074592,-0.7213349869355816,2
-0.12843211462648443,1.621817310422587,-0.2724658077990422,-0.4532653751953684,-0.7706157244979092,1.0282014384897182,0.5510901398449125,4
-1.0649204510440724,-0.2614558854961925,-0.7028795923988104,2.136637273016282,-0.8029444594841033,1.0114653459085339,0.5636057688554204,2
-0.9012170745098431,0.23388421942213147,-0.843699635115897,-0.6914572341196861,-0.3322253068630332,1.133022622930959,-0.6125074823439538,3
0.09790778106216692,0.4835377226554,0.0736704201895273,1.248181566613655,-0.9646192781001391,-0.027596771477604268,0.9435971972563912,4
1.2360796818745192,1.541655475259756,2.0415908427846143,-0.6269196069732617,-0.0056321445749653995,-1.2770486544651516,0.8747142401206598,4
-0.7375200503467979,0.15714030018476172,-0.6540290646293209,2.2563371341222562,1.185070940488999,0.7122534509176827,0.06203608717520675,3
-0.6766532225718981,1.1979535731051327,-1.0905276647833155,-0.6860960698233953,-1.1654099769149866,0.9921169779192732,-1.0194197207415194,2
1.3431089518763797,-1.0741598828393923,0.1891597323386964,-0.6738907382987043,-0.5394433637626598,-1.3010595634505357,0.8701968978815258,2
1.2304998824430189,-0.44529374558059837,0.6075385958193167,-0.31111667194772274,-1.2381815814906465,-1.4957518083964292,0.2357261754318908,1
-1.3175654146774733,-0.737556141786743,-0.43041126969815957,-0.622450953898281,-1.1707422995027053,1.0711695220968462,-1.3457751692775959,2
1.417359569536244,-0.7858468422885535,0.4242383071473442,-0.7211399589133352,1.226684103073704,0.6138771673095638,0.46985586068637947,0
-1.2590123123433612,0.30441224989465826,-1.21531403038713,-0.6400752680476435,-0.602314431945818,-1.6786107873932994,0.7493035981568549,2
1.207049757690764,1.557415339122034,2.0151056217632592,-0.371354920360458,1.234947682453225,-0.6412352476399096,0.8965010239703305,4
-0.972431371330888,-0.003020886453809437,-0.779573567072105,-0.7011157129441431,-0.8999681445319612,-1.62556869458377,0.6240904868294639,2
-1.0298595722045125,-0.06322397136823252,-0.7917624777108652,-0.7070480554096216,0.15436966278771594,-0.24151145748805733,1.259785066698858,2
-0.43679478526500487,0.3771080467715303,-0.4617430301017367,-0.2625722707977463,-1.2273040727402802,-1.5208802201896632,0.7664959130565789,2
1.4968988841194582,-0.13659710307296485,1.0293171072225875,-0.15688594832570962,0.282472338488859,-0.018250556700231513,-1.3090574993856496,1
0.31102153989733894,-0.8156109251814356,0.0788547216105768,-0.6346396368415609,1.2985922078574104,0.9949147959096625,-1.4023195780193076,0
0.8547660210203646,-0.5161779936493014,0.39105918284281255,-0.2869978483977357,-0.9995899256870259,0.7766361223288993,-1.3388670746981128,1
1.3176429139291508,1.6965215212933447,2.347789769625429,1.2033801889839288,1.160901187200973,1.17051887165067,-1.458173912775301,1
0.08933972033515125,-0.8349518677133336,0.02239899865636206,0.6327239329258513,1.2598294377323445,1.2867848087839222,-0.20495591309567632,0
0.9821770515360458,-0.7038844662455974,0.3189540861312984,-0.032716124514546356,0.9789878997289047,1.1587449765952842,1.0001533403604352,1
-0.6045068033070009,0.7218286491441098,-0.7566945547596212,0.3622759592549221,0.9957976489534913,0.09105114238459064,-0.44326746507638054,3
1.1320934764420199,-0.32890571555457704,0.6567983748478985,0.061666167927148234,-1.2767966644919098,-0.6806560737236146,-0.4773258560599634,1
0.6527857032497668,0.06248446338688939,0.5005697868213892,-0.49543736170867647,-0.5232884770102212,1.1935832391559285,1.3234564835713776,4
1.3206703308845231,0.9379271589978698,1.7497162906715842,-0.6228940693519455,1.2439773743570508,-1.365408278206394,0.8128755299610402,4
-1.2605225476210964,-0.8519115410007678,-0.340772474205019,-0.5955548847217997,1.1721594016244186,-1.5742907268595419,-1.2762420717416503,0
0.6318870225770167,-0.9015284512195131,0.14363969278685618,-0.6949879105149972,1.0958897874839888,-0.3554852879902259,0.733139246614914,0
1.485410303373923,0.10231330464683279,1.2206482762096182,-0.6023125017802089,0.7383169804708722,-1.3473356486446302,1.522741026320287,4
0.4832260586250415,-0.5519595728719693,0.19815685241354525,0.8976930468321338,-0.4779113243327459,1.1540670417253835,0.7719619985808992,1
-0.6745600138264921,-1.2606844044176522,-0.002349313284758644,1.5779436032060141,1.3519564408279534,1.1109972458323654,-0.6471316124599306,0
1.1888425838888361,0.9635019537009273,1.5594922956067834,-0.5747904980280004,1.2166592604431856,-1.5238492910636559,-0.7734646673984404,4
1.3250100503885618,-0.15770150481616177,0.8971569276943375,0.03399986908101123,-1.0651827839842771,1.2438283273654684,0.07742500818947246,1
1.4820798945281721,-0.03647443682658938,1.1269982383325494,-0.6421694883001801,-1.1819349430999533,0.2916285459997472,0.3610926640881396,4
-1.2543531681565,6.032213669934686,-5.62943080699238,-0.10681486988307581,-0.9853890176852059,1.0346733855210613,-0.49619404961844193,2
-0.18153851673024057,-0.5238392153233378,-0.08052362693906757,-0.6740820126976698,-1.2653347173988019,1.3724733521830275,0.6112738963608888,2
-1.3179977358212853,0.6228195111962025,-1.5321391255635397,-0.7049837547114647,1.1936012127661584,0.6435554230047495,1.2987018646815773,2
1.0790759157536272,-0.7971223624036149,0.333152302339309,-0.09800246016272214,-1.1531031169073498,1.0029883940406965,-0.8935239827009187,1
-0.6507830858299652,-0.4271924114919929,-0.3512838930922471,0.4418255691471148,-0.3718829864162732,-1.0070351823751817,0.4929245371985964,2
-1.1943111446322765,-0.686946625902747,-0.45551515676189086,0.6140544839592763,-1.1885037297755638,0.0730055272788013,-1.0535861394120978,4
-1.2468254208788543,-0.3762818652832959,-0.7083642632175868,1.728639664389941,0.04391168231084264,-0.9193321351487175,1.016226793978139,2
1.367763219723112,-0.013463390259967121,1.0409004959248835,-0.38415859577574735,-0.2862679286435146,-1.1906867056931378,-0.3256482516769116,1
-1.4206546089098029,1.515357955204066,-2.457049989184917,-0.7049570440142532,-0.4953196393107623,-0.6370715497739893,0.06189922872027757,2
-0.23395062365436625,0.5667566572743583,-0.3179899800387361,0.6021515605652726,-1.2625441449659172,-1.4469792744894494,-1.7098302228738862,4
-1.2309375140084944,-0.23753622412513842,-0.8093439363883705,-0.3708762366214612,0.5715685479868172,0.8090844147649493,-0.9793909541397594,3
0.23705243141514581,-0.8483387337883719,0.07259918093401922,-0.10989611970743407,1.2424623743041463,0.8233462207179146,1.0282968466796996,0
-1.314297015423743,-0.7456152908960139,-0.45952697905538564,-0.7064972782137329,0.11136901396721265,-0.11895467246890709,-0.5842557446454001,0
-0.16655294092576906,-0.7664684025127859,-0.06737733991962234,-0.7124770283497033,1.2099061194481073,1.1813829727525043,-1.1314861829861005,0
-0.1338222372510254,0.07923422486994494,-0.11755879009896245,-0.2478675425424186,1.2058601424225692,1.1592349204855037,0.13860295061759195,3
-1.2165491148358563,-0.5351354135816382,-0.5574587723837642,0.7800982032505284,-1.123284273356893,-0.009097619223736886,-0.3923507531898133,2
0.7860646243578137,-0.4411682933532801,0.3679006945933992,-0.5234426646884472,1.1598612587243768,0.2376805572693599,1.138732394957514,0
1.1091377370998607,-0.19009695835008758,0.7392643414638095,-0.00462847620814133,-0.42671643636225365,0.7638782094114187,-0.5456559231242649,1
-1.1205302765500804,-0.2387134449590105,-0.7412388738369462,0.7815306599892172,-1.242533197194366,0.4411347800552498,-1.1496191494612613,4
0.8873337580378547,0.6719880702985581,1.0281688712658243,2.3694305359678367,-0.31636704598305965,-0.9903354289864403,-0.9495973565425657,1
1.2370943832418293,-0.6893856661965251,0.44602084568103334,-0.6339623180667622,0.3294079479761527,-0.06572735086886705,-1.3520298975744638,0
1.1420679704871832,1.3214646870676845,1.759281787525443,-0.7063184703333633,1.2536079219012886,-0.4167892270707995,0.729614071352961,4
0.9477975746729386,1.0480764516714172,1.292525934375904,1.2807333399938194,0.8996418087080496,0.0908593341750819,-0.06332910336022099,1
1.3460258418277624,-0.5649463778483746,0.5995448368846917,-0.5552673787789315,-0.8676195639261439,0.9782870020842193,-1.5568293892561749,1
1.282853750023835,-0.32512063749985837,0.7253162731506558,-0.6052173753111281,-0.2010167189486154,1.018370534475257,-0.17811510779919587,4
1.4114160088517809,-0.3009641395865169,0.8290789052063532,-0.7021252329911147,1.2399915265149404,-1.2759846055022825,-0.17932388479773562,4
-0.8297095240301066,0.14660784953731468,-0.7247387801105181,-0.2014071856064789,0.22358473620484443,-1.038258337950125,1.447877501576381,2
-0.8766814714458262,-0.9396019171547089,-0.19282629731309528,-0.6055855724674923,1.0756433791269435,1.1842219248755745,1.2241127247534813,2
-1.038067455521459,0.3285108918952586,-1.0369307973729798,-0.6670115415575445,0.5911007899808696,0.7066899062505825,-1.0862014284726373,3
-0.6858214014821161,2.2839105695754665,-1.5083086072316987,2.78069636724591,-0.33011887200831724,1.0423997686691144,-1.4143187547788427,3
0.6799361236544812,1.2173213945327914,1.0172564238373971,-0.4372854645716173,-1.1880320870924352,-1.5988926230761331,-1.6077499609014325,4
1.3993342239613755,-0.9320088380902224,0.325375764441981,-0.6632557156026778,-0.7468028299146415,1.1997352030161605,-1.5708192058445558,1
-0.5305299122691286,-0.7667183738508088,-0.18935515056778188,-0.6405254116411747,-0.9126780367175621,-0.35115489079792056,0.07755037476679427,2
0.5907419572954001,0.21006477813729993,0.5027454742829524,1.2271468177703035,1.0300295586067543,-0.9530753727944843,-0.5729452323919781,1
-1.279049780615928,0.17758705292905555,-1.1620099316973767,0.2806862494658725,1.2681035883621752,-0.4132502766282627,1.069228173516228,2
-0.8392206783273952,-0.07336310147973459,-0.6544522209232679,0.5344570891662642,0.49382300404277507,-0.02013652734063907,0.2359443314826841,2
-0.04869467542672211,-0.4877700609821387,-0.03648804777140563,-0.5287534967010716,-1.255229871517188,0.6097351905105115,0.7751925420437734,2
-1.093085996270192,-0.6875229618277473,-0.3937590558464985,2.1045271605347144,-1.182303321906712,0.5864978301253395,-0.24170052946881074,2
0.7212358916410775,-0.08543670901531428,0.513214140673688,-0.00875147731098143,-1.215085014183132,0.18265343395906586,0.827122851854987,1
-1.187668323315472,-0.3414943167455626,-0.6754070708821821,-0.2870341824699055,-0.6106661551959481,0.8043948025766909,-1.6051150375113659,3
1.4374484017128208,1.3672780179358424,2.2808371501881672,-0.6674998982066136,-1.2251067676571954,-0.2689011308782949,-0.4811124596191077,4
-1.2714131267434812,0.08019519158166369,-1.066275988185559,-0.6559149749055825,-0.9760217383810164,-0.0020622293227327,0.05258713169957265,2
-0.17854508338826716,-0.4118005742282864,-0.11648076097048327,-0.4604610717568936,-1.1414469192396057,0.15760062088376117,-1.056059092526722,4
1.0043334186623316,0.36370587235391155,0.9802335691409145,-0.6260105344119014,1.065480323635859,0.08178566432176353,0.5815730756799088,4
-1.0958658459505606,0.42474584460762477,-1.1575505049628716,-0.4023407860627688,0.985105732418835,-1.5303002500955896,-0.7097364935476576,2
1.3630860141506065,-0.2940473003974106,0.8140529578105619,-0.6847105634960758,1.2164007861675137,-1.3198857902681653,0.8242861994194325,4
-1.4790398920975423,0.4002241437739996,-1.5406295749139445,-0.43528878246170466,1.1116753706034852,0.32691901743700374,-0.09988856645438225,0
-0.8317561250582655,0.22097532645861054,-0.7995973742878626,-0.3530475444505918,1.063772577030025,1.260894522579556,-0.6095576730973968,3
0.030995327218009912,-0.874947649736909,-0.011281723031290321,1.8309989036520669,0.4663262153080549,-0.8262810142105516,0.3630449803446771,4
1.1717402356176316,-0.455209815961722,0.6009816171696042,3.9624624890385434,0.18725984781950109,1.2578838424882572,-0.14476603579394645,1
0.29720022218914127,-0.2744063023169042,0.172949260945976,-0.7004746619343089,0.526553135863974,-1.2728235685057707,-0.9813157347380155,0
0.5885126275695416,-0.08951635693493146,0.379104518064119,0.11492790367926398,0.4888388885855097,-0.601498813056801,-1.1849312343158087,1
-0.7998239908242413,-0.3726521038387953,-0.454022167709602,5.348492991558699,1.3415886470133014,-1.1000572326587386,-0.5685286214717397,0
0.7144642156774162,0.14507526361140594,0.6381476135459192,-0.1424578144472697,-0.924709154523728,1.1267484621357675,1.5672609247629494,1
-0.5370678922069132,-0.6842772302039957,-0.21523602110625858,-0.10842683563542849,1.2189908177669337,-1.475450901476149,0.8522254996997932,0
-0.22347733661329147,0.962576506926145,-0.33387559184231547,-0.6917347972083149,1.2297845015799758,0.25898206376112326,1.5089665585376046,2
1.3570740357874271,-0.30401707138668715,0.7961595597269464,-0.6982831583871404,-1.0908864562298812,-0.6824523292243265,-0.20062517454724102,4
-1.2806748120773264,-0.6363158868596798,-0.5127500608226645,0.973778210750039,1.3112984559149234,-0.8859959214045136,1.1411629221666155,0
1.3442071205011343,-0.4957890345201517,0.6246678945052221,-0.5629338695487639,1.2447365097340901,0.5151166750422617,0.6844207942553381,1
0.7173493812084575,0.4860062301202513,0.7386143613010946,-0.6988611543726216,-0.46378225852466587,-0.44865972041624774,-0.8417457241426959,4
1.2974354799843617,-0.2407081960135424,0.8039119543792105,-0.36728302430275206,0.9132462842859206,-0.3688173025543738,0.8746128770169099,1
1.112072651038053,0.2113927818260882,1.0230702187685914,-0.4968417942720047,-0.9210281441692234,0.6384833227012788,-1.6929493348738884,4
-1.3192777289064805,-0.643504304067952,-0.5276673913698533,-0.6466155251472385,1.212598371743061,1.1148768117292633,1.5337042395762586,0
-1.1478062573660675,-0.28126379040425964,-0.7047110413964166,0.19058187847723232,0.6728988620193436,-1.205695115055372,-0.614253675160345,4
-1.292374276779108,-0.732042837107288,-0.4536740106164985,-0.20381787128916912,0.38775110256092016,0.6452635955074298,-1.4324067479759592,0
0.7191676573553653,-0.9405106250012086,0.17350610301419986,-0.6593056068079175,-1.1492984326418838,0.28354037061858206,-1.5632519660260584,1
1.2072426307691615,-0.033276061775838583,0.9140137459475444,0.013504576628413378,-1.2104378621263019,-0.9651458072711623,0.3391055455909764,1
-1.3726558700538483,0.14765413118910015,-1.225914658821546,-0.7021566714409626,0.9255308744022358,0.9775758953505336,0.3687100121867669,0
1.1146865267199941,2.739855827171541,2.646374344643215,0.2375886692409542,-1.165420332537911,-0.019866026903058345,-0.08036345050735821,4
-0.4373738142718774,1.7281922134270982,-0.8746518548288731,0.14223139591128028,-0.9221173784380224,1.3003429771067085,-1.3020359217557897,3
1.284480939415492,0.25520479282284136,1.1683821143217432,-0.6342442153103607,-1.2147144301355806,-0.5543267557340212,-0.300378251932951,4
0.5765462851331944,0.5984725396107275,0.6451031949736131,1.4906561882196188,-1.1892570169396668,-1.5091347936374764,-0.7362234774834718,1
-0.31546286869443285,-0.16945007003078263,-0.23723789743698362,-0.05003536683790869,1.3089423085408718,0.4453058141543524,-1.2295972777993989,0
-1.366033653411929,2.0763575297545085,-2.834255851845435,0.7500729453916978,0.3247176057702667,0.06520958271550524,1.1090090592097863,3
1.3845234988719097,-0.016700748601569327,1.0694160984873193,0.1826562150903976,-0.22026408466325428,-0.6171707796792667,-1.5734607084047632,1
0.17051894375147153,-0.39631902226579907,0.0822954038575232,-0.20505895320055537,-1.1431366322537788,-0.5076242948835653,-1.8707411897802884,3
-0.0729126223345946,0.848280508062302,-0.11774570497905552,-0.7067971103687499,-0.7881604757947309,1.2607855362790574,0.5314639682940693,2
1.3134327498395446,0.13059859113169578,1.08311152402483,-0.7076470245413359,0.02553909200873271,-0.08838148985053493,1.2792637592129172,4
0.7749351852028062,-0.7784677470550867,0.24775207323924994,-0.6751919656761955,-0.4220540115691847,0.27727717125918916,-1.2410478206493831,0
-1.399513189313926,0.003384322676794662,-1.130344898985553,-0.0827966260571249,1.0552133821455192,1.1895631143761067,-0.8545423737537607,0
1.044006694019132,-0.9912408922525223,0.2111973393150469,-0.6432961287608083,-0.701392667752196,-1.3187974386286498,0.950050430209323,2
0.6195877142125903,-0.201143284583984,0.39799857700054153,-0.7033113446715583,-1.264355996289178,-1.5789628999763041,-1.1652077777660623,4
-1.2971662440992904,0.6921409440369303,-1.5837178698985501,-0.5413300081932817,1.2674727570807918,0.036398560551373874,0.8747873920798894,2
-0.3584820395026617,2.8635675476966096,-0.9572267151666751,-0.6948377657590652,1.0655667819531185,-0.5598385903916396,1.1439583113233636,2
0.7061761050371025,-0.19657796268630226,0.447827540291049,-0.060688870489319646,1.1355001199897077,-0.8135134642752837,0.39272911413197986,1
-1.4004629577355991,1.2738873965879502,-2.2112360999488834,-0.2374206724382799,0.294808449450852,0.1278043751049505,-0.3082297977711113,0
-0.3788405121534206,0.5368670145896124,-0.43833463651359483,1.1249719133144234,1.3436023032678872,-1.564210814660891,-1.5065692941017788,0
0.05315552066515385,-0.6669883244375666,0.017050748585485248,-0.6742146403821404,-0.8830687046197079,1.3108014463914859,-1.5227524753131725,3
0.47362732759848186,6.35641159941281,2.072746057713968,-0.6340185363824682,1.282247252380225,0.7678445655430405,0.6369121167465511,4
-1.352120620743881,-0.647054761594268,-0.5458265896471282,0.13861114997336915,1.067171801839764,-0.9824899490772863,-0.6031857174482873,0
0.3345827509447138,0.4125346312816414,0.31521183317186835,-0.6620068923650394,-1.2444511680595767,0.7723369072561562,1.5589455616887737,4
0.21208536085149707,0.6319089989683939,0.2421631860745295,-0.7047419175445457,-1.2011229562704626,-0.14720529703348745,0.29877096104919065,2
0.9338984403816751,-0.743176748530645,0.30908927024115257,0.8037110009441852,-1.2438697436916937,1.0119217171915202,-0.5392925998790177,1
1.4478726041590486,2.66139510056958,3.3894843095200202,-0.2567348990569417,-1.1686899285676384,0.05368849289557383,-0.008172852152306915,4
-1.262133408393748,-0.5229549028535799,-0.605493565481588,-0.5725175871615847,1.1956411516742909,0.7249172479142866,1.4692818888813481,0
0.7993181451354844,-0.6731914633657217,0.276430031563693,-0.08596905594275038,1.2555991315206005,1.0935544061809248,1.501316623992675,1
0.6052351600614047,-0.3324898131529755,0.34974240305002663,-0.681324840285055,1.25706121486272,1.331941661242918,0.8555018670716643,0
