f1,f2,f3,f4,target
0.4967141530112327,-0.6650348354818605,0.2472682368674306,0,3
-0.13826430117118466,-0.7908643193311995,0.03741256583819583,0,3
0.6476885381006925,0.2728604990872734,0.11431801916276622,0,3
1.5230298564080254,0.4129514529738023,0.41379064340503086,1,2
-0.23415337472333597,-0.9368277103487159,1.6224506094256461,1,1
-0.23413695694918055,0.8724244924873796,0.8487457425913127,0,0
1.5792128155073915,-0.8960574326970552,0.7188091009880626,0,2
0.7674347291529088,0.08259267060214093,0.3474162570366474,1,3
-0.4694743859349521,0.41812103890183283,2.684632343586216,0,2
0.5425600435859647,0.7419382474921712,0.5058630265746683,1,3
-0.46341769281246226,0.4281738642648556,0.09112101011657558,1,0
-0.46572975357025687,0.6034561661395836,0.959893976209954,0,0
0.24196227156603412,-0.3210996149143879,0.12085594487066291,0,1
-1.913280244657798,0.6296502274930245,0.4234607774232656,1,3
-1.7249178325130328,-0.8397703072306497,0.7080820297197461,0,1
-0.5622875292409727,0.7896333121210553,2.0732410022989165,0,1
-1.0128311203344238,0.09518475230747248,0.680322924655953,0,0
0.3142473325952739,0.6345955399249874,1.2115305120925102,0,2
-0.9080240755212109,-0.09536343096339972,4.93601574197811,1,2
-1.4123037013352915,0.28715539039304994,0.14097516591598155,1,1
1.465648768921554,0.05280532187222642,0.32121338304690167,1,0
-0.22577630048653566,0.46317904351066375,0.5018263648364749,1,3
0.06752820468792384,-0.8367400359388208,0.547884185521464,0,2
-1.4247481862134568,-0.8792958320188724,0.5293648774062828,0,1
-0.5443827245251827,-0.5057935319797071,2.3817473827119144,1,2
0.11092258970986608,-0.6809106397736233,1.2518776161694254,1,2
-1.1509935774223028,0.7435671331844034,0.9362516676317526,0,3
0.37569801834567196,-0.5615720252839114,0.3701549898293989,1,0
-0.600638689918805,0.9517305116382626,1.7360809938777113,1,3
-0.2916937497932768,-0.3262084164577863,3.102438393798156,0,0
-0.6017066122293969,-0.6357641686226014,1.7214778108650661,1,2
1.8522781845089378,0.5793970142849583,0.0015663312480417482,0,1
-0.013497224737933921,0.3174155510017522,1.0117046850671212,0,3
-1.0577109289559004,-0.003608567093722037,0.05248914749504456,1,0
0.822544912103189,0.11072710187526247,0.29787682322247566,0,2
-1.2208436499710222,0.4384035565445277,0.06136989358196631,1,0
0.2088635950047554,-0.5430905173374025,0.925824668128792,0,0
-1.9596701238797756,0.9926678321134839,1.1602427654447605,1,0
-1.3281860488984305,0.9495863242935663,0.12158886145681301,1,2
0.19686123586912352,0.30065137269387376,0.48424679614936045,1,1
0.7384665799954104,-0.6009150981417097,0.6092408857707893,0,1
0.1713682811899705,0.36045648486258264,0.46053344811873936,0,1
-0.11564828238824053,-0.8556031820416483,0.1289988236641173,1,0
-0.3011036955892888,-0.9386949955883879,0.5429146641838808,0,2
-1.4785219903674274,-0.48463422297757264,1.391017689728074,1,0
-0.7198442083947086,-0.07475408652136739,0.07365479050723611,1,1
-0.4606387709597875,0.736545010816761,0.08357729556475979,0,1
1.0571222262189157,0.45433813953261604,0.43815043873643034,1,2
0.3436182895684614,0.4854130423999621,2.842594305527841,0,0
-1.763040155362734,-0.1490133311038493,1.1043466388409175,1,3
0.324083969394795,-0.30813001490607417,1.1352865116996829,0,3
-0.38508228041631654,-0.2579224740307946,0.4492915972898056,1,1
-0.6769220003059587,0.9752991274721157,0.9005669785734461,1,2
0.6116762888408679,-0.919781617175035,0.010182853752543086,0,0
1.030999522495951,0.7340629922448971,1.0108653099260425,1,0
0.9312801191161986,0.15735081714478683,2.4451508595398126,1,1
-0.8392175232226385,-0.12276916162081908,0.9482290438928432,0,1
-0.3092123758512146,0.450515320830273,2.0690841132375435,1,0
0.33126343140356396,-0.0266621171505943,1.2872567929071608,0,0
0.9755451271223592,0.7468464761633211,0.12846813702599705,1,1
-0.47917423784528995,0.801403728022517,2.327424115981774,0,0
-0.18565897666381712,-0.15655814625308917,0.0687541617901371,1,3
-1.1063349740060282,-0.44634440552989685,0.7634998458928469,1,1
-1.1962066240806708,0.18470065718672446,0.1533110102075156,1,0
0.812525822394198,0.8247266912333819,0.011775672614482025,0,1
1.356240028570823,-0.5786756219886668,0.5482406856437376,0,2
-0.07201012158033385,0.24593316712696556,0.34961521919037764,0,1
1.0035328978920242,0.2631204401850411,0.6655329742231592,0,1
0.36163602504763415,0.46622604483056196,0.8608557570924074,1,2
-0.6451197546051243,-0.7368646297454804,0.04472446625591256,1,3
0.36139560550841393,0.4316499293641771,0.13125204388468148,0,0
1.5380365664659692,0.818065041331282,0.8178998397282466,0,2
-0.03582603910995154,-0.6406337822595161,0.4203260161910579,0,1
1.5646436558140062,-0.5249133501522447,1.3062768385614583,1,0
-2.6197451040897444,0.9427901880832792,1.0563912212517101,0,2
0.8219025043752238,-0.6380460945810205,1.8682368994973682,0,0
0.08704706823817122,0.7087701867391583,1.1792568641026975,1,0
-0.29900735046586746,-0.01544428710393042,0.5619980086040062,1,2
0.0917607765355023,-0.5055378511936459,1.117693041105615,0,0
-1.9875689146008928,0.7414998025450228,0.32210951998012927,1,3
-0.21967188783751193,-0.10938948999466902,0.3657351478809945,0,2
0.3571125715117464,0.029634707859380383,1.5558268158503172,1,3
1.477894044741516,-0.2815332612004686,0.5913481289156753,0,1
-0.5182702182736474,0.18590170286985486,1.6013722302693465,0,0
-0.8084936028931876,-0.6729522548299545,1.7283474342218728,0,1
-0.5017570435845365,-0.21783692669647858,1.9488508322579454,0,1
0.9154021177020741,0.938824644670575,2.484529550993177,1,0
0.32875110965968446,-0.4837331345977449,0.5638488706998093,1,2
-0.5297602037670388,0.3134733290825844,0.3839974241431472,1,0
0.5132674331133561,-0.34961987155061025,0.8727494298500833,1,1
0.09707754934804039,0.5469462513732013,0.46389818297258995,0,1
0.9686449905328892,-0.7382526785633003,0.9189797610752634,0,2
-0.7020530938773524,0.9396420901570894,1.222767872369461,1,0
-0.3276621465977682,-0.0924209172327215,1.1660510706740872,1,1
-0.39210815313215763,-0.5278990733070721,0.4692885042407799,1,3
-1.4635149481321186,-0.8530065053399747,0.18255382580481638,1,1
0.29612027706457605,-0.6604841898249185,0.563048013597861,1,1
0.26105527217988933,0.039547897112035324,0.15384389498610052,0,2
0.00511345664246089,-0.3259936471374274,2.2081574405370668,0,3
-0.23458713337514692,0.6577667317652189,0.42446057617394006,0,1
-1.4153707420504142,-0.13822495267638812,0.1677795035251999,1,1
-0.42064532276535904,-0.5025714548247402,0.02577715439667666,1,3
-0.3427145165267695,0.2342899732080601,1.0379567580206073,1,0
-0.8022772692216189,0.4135544337708916,1.01308338299682,1,0
-0.16128571166600914,-0.6659161841981003,0.4164312671107416,0,1
0.4040508568145384,-0.6647615674233647,0.07441312977627453,0,1
1.8861859012105302,-0.9266571461329141,0.5270039481117462,1,0
0.17457781283183896,0.47280403013128103,0.3728297255282833,0,2
0.25755039072276437,0.32760905524361017,1.1304765231587015,0,3
-0.07444591576616721,-0.05073824850037223,0.9308442460058356,1,3
-1.9187712152990415,0.6883408979383943,0.45349068655889174,1,2
-0.026513875449216878,0.6113403059001064,0.24576314922424827,1,2
0.06023020994102644,0.1707087287935043,4.42585030936453,1,2
2.463242112485286,0.7365425610265173,0.6051392724652938,1,2
-0.19236096478112252,-0.5883175799264635,1.1656314385193247,1,2
0.30154734233361247,-0.7761607612045442,0.15146608209468254,0,2
-0.03471176970524331,-0.46050077696602076,0.6647340822689206,0,3
-1.168678037619532,-0.8858262878213703,0.027922962422925312,1,2
1.1428228145150205,0.06233905600206402,0.704117369470702,0,0
0.7519330326867741,0.873211384589923,3.3247199885121486,1,2
0.7910319470430469,-0.9213129186629807,0.48484394479474197,1,2
-0.9093874547947389,-0.7557801719799464,0.039776720774783135,1,3
1.4027943109360992,-0.09560194343312944,0.031445044725836535,1,3
-1.4018510627922809,0.8677500350558098,0.4910013626300815,0,2
0.5868570938002703,-0.367687790046499,0.17438307385113086,1,3
2.1904556258099785,0.014469617376784871,0.023629077081200562,0,1
-0.9905363251306883,-0.9168542818992158,1.4114629041429105,1,3
-0.5662977296027719,-0.7033135980758223,0.6134547044538153,1,3
0.09965136508764122,0.9732602459176938,0.3414271728293356,1,3
-0.5034756541161992,0.9302373928720911,2.3034172693215433,0,3
-1.5506634310661327,-0.9901200381311808,0.12345542349786531,1,0
0.06856297480602733,0.9036235708464779,3.1217225481409745,1,0
-1.0623037137261049,0.2782398756310007,0.37682913549052627,1,0
0.4735924306351816,0.7358365890400442,2.192867135568108,0,2
-0.9194242342338032,-0.0905202887322818,0.9236751206847723,0,2
1.5499344050175394,0.031192057158500486,1.752773551376384,0,1
-0.7832532923362371,-0.022306839486159635,4.135989596000282,1,0
-0.3220615162056756,0.3337285150922087,0.34024696489861167,0,2
0.8135172173696698,-0.7206974904873742,3.247673665959655,1,3
-1.2308643164339552,-0.9400528202546441,0.49344732969162186,0,3
0.22745993460412942,-0.38414011681761817,0.4869657232099602,0,0
1.307142754282428,0.4093615254732934,0.4161021376304796,1,1
-1.6074832345612275,-0.5962930957541033,0.7795934968938802,0,1
0.1846338585323042,0.3468648666498346,0.1674073799118866,1,3
0.25988279424842353,0.9398240922145409,0.8067896422915674,1,1
0.7818228717773104,-0.8121985684211632,0.7802417880895127,0,0
-1.236950710878082,0.34520423645025256,1.4350721383064957,1,3
-1.3204566130842763,-0.1124995613908577,1.7936610477084534,1,2
0.5219415656168976,0.7362845087550107,0.5806069315450655,0,2
0.29698467323318606,-0.6457004211052282,0.36001372482894667,0,1
0.25049285034587654,0.38525190445232904,0.3002067090421373,1,3
0.3464482094969757,0.6762305792962204,0.2164458271101219,0,3
-0.6800247215784908,0.8892284389480465,0.05937595780838081,1,2
0.23225369716100355,0.36649605657929163,0.41923139841698975,1,3
0.29307247329868125,-0.005650471983145389,0.315050106705169,0,3
-0.7143514180263678,0.2356944804024277,3.3937467824296608,0,3
1.8657745111447566,0.7378099689574364,0.8157868496541154,0,1
0.4738329209117875,0.14121949327765937,0.42660249551710083,0,3
-1.1913034972026486,-0.9392258806063263,0.8686145236225726,1,0
0.6565536086338297,0.8618973910139556,0.14988925750214477,1,1
-0.9746816702273214,0.37905350206312227,0.587065673442903,0,3
0.787084603742452,0.353026771554493,0.9841262057820113,0,3
1.158595579007404,-0.5686496952045657,0.6711857709794751,1,0
-0.8206823183517105,0.3177709404653144,0.513794694855752,1,1
0.9633761292443218,-0.21227118869168304,5.0910412639424605,1,2
0.4127809269364983,0.30246595408298416,2.1228900002467967,1,2
0.82206015999449,-0.7868139393840186,0.9765874838068078,0,1
1.8967929826539474,0.31569060920607206,0.8425231203811369,1,3
-0.2453881160028705,0.9988274515413331,0.9693236433199542,1,3
-0.7537361643574896,-0.9035759222788879,0.22478503258578506,0,2
-0.8895144296255233,0.9543483684426346,0.5027545216901969,1,2
-0.8158102849654383,-0.18618407855425878,0.04025916636576021,1,2
-0.0771017094141042,0.7415069006745183,0.6453976290435796,0,0
0.3411519748166439,0.5647709681165469,0.7831256837529745,0,2
0.27669079933001905,0.1340325219733356,0.2584466054589457,0,0
0.8271832490360238,0.476898418502653,3.3250379718997767,1,1
0.01300189187790702,0.7570311226026958,2.401904017398643,1,3
1.4535340771573169,-0.19171935669793405,1.280649533523795,0,2
-0.2646568332379561,-0.3459336768735226,0.7622542630659325,0,3
2.720169166589619,0.33518677112716944,2.0399836231826205,1,3
0.6256673477650062,0.6156918838825172,0.14001216907623093,0,2
-0.8571575564162826,0.5245702695532315,1.5630782914282348,0,2
-1.0708924980611123,0.595627297717269,0.13332662955202385,0,1
0.4824724152431853,-0.128833370374134,1.5809022671741686,1,0
-0.2234627853258509,0.6356684323500432,0.32264289979134264,1,0
0.714000494092092,-0.7595818892587831,2.096307625950449,1,3
0.47323762457354485,0.08897819592169909,2.8831555463501637,1,2
-0.07282891265687277,-0.9884826790037569,0.16110342521460957,1,1
-0.846793718068405,-0.3508283401994594,0.6211532794591166,1,1
-1.5148472246858646,-0.26707693025720425,3.962652213142971,0,1
-0.4465149520670211,-0.20765461678148922,0.6605007924873811,1,1
0.8563987943234723,0.39093441337972434,1.9917788752652126,1,1
0.21409374413020396,-0.22288379745930853,0.8885090469242499,0,0
-1.245738778711988,-0.1026127547549387,0.4705316212803642,1,0
0.173180925851182,-0.5249117382513451,0.3365692190600759,1,0
0.3853173797288368,-0.25349641674131984,0.22718055290838637,0,2
-0.883857436201133,-0.545460745473697,1.4346370292169555,0,3
0.1537251059455279,-0.8536081524631127,0.4886410428023759,0,1
0.058208718445999896,0.2068971867627558,0.7159562656140621,1,2
-1.142970297830623,0.3364255971100325,0.6779147454089091,0,1
0.3577873603482833,0.238980692019229,0.8610429611735501,1,0
0.5607845263682344,-0.0730119123988553,2.006764817913147,1,2
1.083051243175277,-0.24042843964154037,3.9496907913356827,1,0
1.053802052034903,0.7266672991436505,0.5235465402486669,1,1
-1.377669367957091,0.03816357027243611,1.7574677418973532,0,1
-0.9378250399151228,-0.041636244740538064,1.4461623965025863,0,3
0.5150352672086598,-0.9487158683871286,0.8522107958446627,1,1
0.5137859509122088,-0.3175043447476873,3.124637665197935,0,0
0.5150476863060479,-0.23960876242828588,0.22373687170445014,1,1
3.852731490654721,-0.20235443820619903,0.11570742781976451,1,3
0.570890510693167,0.16034473845466457,1.923888190892786,1,3
1.135565640180599,0.06720509345375691,0.5783014619474764,0,0
0.9540017634932023,0.21581018558688925,1.8771138110325931,1,2
0.651391251305798,0.5297665230842565,2.235769839287117,1,1
-0.3152692446403456,0.625971477432187,0.0644932886875834,0,3
0.7589692204932674,0.4362461524529888,2.149561588070323,0,1
-0.7728252145375718,0.9110473919098694,0.5947853986684247,0,1
-0.23681860674000887,-0.9635348346472767,0.7142329082461057,0,2
-0.48536354782910346,-0.6084440286329078,0.9850849920853021,1,3
0.08187413938632256,-0.9848742500437158,2.6088739595647756,0,1
2.3146585666735087,0.294949428309206,0.019301169365585843,1,3
-1.867265192591748,0.7960610978999738,0.6478745639378233,0,0
0.6862601903745135,-0.5130354068474015,1.1638615981336584,0,0
-1.6127158711896517,0.8540690895926133,1.2826804175451045,0,1
-0.47193186578943347,-0.8794652194208783,1.179385665711108,0,3
1.088950596967366,0.8688720536110286,0.14437295559530933,0,1
0.06428001909546277,-0.2967546255207312,0.35581187130977404,0,3
-1.0777447779293061,-0.797158343101567,0.4442821224093347,1,3
-0.7153037092599682,-0.02825648162734873,1.6318737627865214,0,2
0.6795977489346758,-0.4864468645589841,0.326783149176632,0,2
-0.7303666317171367,-0.43025419607615434,0.23661509123624855,0,2
0.21645858958197486,-0.38542007014742685,3.1570288689500083,0,1
0.045571839903813784,0.6060517956653269,0.008902797672285237,1,2
-0.6516003476058171,0.07832255335050897,6.128822993904087,0,2
2.1439440893253257,-0.3773846016879927,1.1295498544367533,0,0
0.6339190223180112,0.22066756662183673,1.76299301643837,0,3
-2.025142586657607,0.4323013484463871,0.3490177585049206,0,3
0.18645431476942764,-0.45475199853293247,0.014418729738011522,1,2
-0.661786464768388,-0.17290179694929697,1.3389128784347004,0,3
0.852433334796224,-0.7562278133261049,1.7966389364934008,1,0
-0.7925207384327007,-0.6377013009306394,1.348906603548094,0,0
-0.11473644146689901,0.3622357079299656,0.1541426817102217,1,2
0.5049872789804571,-0.6371233046087461,1.400100923604254,1,0
0.8657551941701215,0.05032676733412034,1.4650033477280164,0,3
-1.2002964070557762,0.41809252344486536,1.074526247331881,0,1
-0.3345012358409484,-0.7862461538105123,1.4529297256924132,1,3
-0.4749453111609562,0.1346244392578071,1.870292674678805,1,1
-0.6533292325737119,-0.4868744325972725,0.9508928243129304,0,2
1.7654542402810969,0.9258537504751596,0.09277857239491574,1,1
0.40498171096095553,-0.03290870656015055,0.6687039837876222,1,0
-1.2608839543350452,0.6119850995503162,0.08082979657432533,1,3
0.9178619470547761,0.10045308431252353,0.5234770348253353,0,1
2.1221561970126332,-0.9131749342903617,0.5227404730506311,1,3
1.0324652605511468,0.2663027511880447,0.06828938057355076,1,2
-1.5193699659540134,0.902806684413314,0.4289699972993807,1,2
-0.48423407286625136,0.20322364029266238,0.11765590487807251,0,0
1.2669111491866227,0.6383777188535804,1.6514857100754803,0,2
-0.7076694656187807,0.7684129266968156,2.9505299850619986,1,1
0.44381942814622843,-0.543840456102135,0.07506463373245577,0,2
0.7746340534293368,-0.5759103201835467,3.1036562340686857,1,0
-0.926930471578083,0.22196197770198345,0.7393515493887611,0,3
-0.05952535606180008,-0.17794306038659058,0.35605467627860204,0,3
-3.2412673400690726,0.6797226057334407,0.07997662473957208,1,2
-1.0243876413342898,0.8000462467960223,0.6943964967713936,0,1
-0.2525681513931603,-0.2931572413945638,1.5823848901976179,0,0
-1.2477831819648495,-0.5262588820510359,1.2278778577836498,0,1
1.6324113039316352,0.5610510304877236,0.05153122949604646,1,0
-1.4301413779606327,-0.4503879289037278,0.07569582405825248,0,2
-0.44004448669698376,0.6452286370273568,0.5156259312160877,0,0
0.13074057728609134,-0.15252349270247434,0.349969609380049,1,0
1.4412732890661155,0.3350997985829409,0.2644660917325595,0,2
-1.4358621511794394,-0.8089293723306636,0.3299001784555116,0,1
1.1631637521549596,0.24771864935314603,1.627005031156716,0,2
0.010233061019587049,-0.09646464252554177,2.648292594543428,0,0
-0.9815086510479509,0.1732169263509482,0.5193664841775336,0,2
0.46210347426327075,-0.6639715845102732,2.3656420682428903,1,0
0.19905969557347003,0.47374748988836424,0.38786446405724956,1,2
-0.6002168771587947,0.7255941550864571,0.6470978859895242,0,3
0.06980208499001891,-0.5665203998184487,0.2562208709727886,0,3
-0.3853135968617602,-0.8085708889596765,1.0229744619715446,0,2
0.11351734525124804,-0.9527228279073272,3.8623339679763222,1,1
0.6621306745210467,0.283943000886532,0.925061825810096,1,0
1.586016816145352,0.21418807217756153,0.44287742860668416,0,3
-1.237815498826849,0.09339482542814004,1.0436056184754838,0,1
2.1330333746562666,-0.5361058077680492,0.13115784425231067,1,0
-1.9520877995225019,-0.21818800818897066,2.1951584356663063,0,3
-0.15178509503558332,0.1889526703723461,0.6993341822032346,1,3
0.5883172064845765,-0.00646628228166124,0.5966554119061018,1,2
0.28099186773503265,0.9755710404297746,0.8815627605399604,0,0
-0.6226995198205938,-0.7271204948865337,0.980253053151827,1,1
-0.20812225035727522,0.3902891080951876,0.07448198725566497,0,1
-0.4930009346588328,-0.19136246379141575,1.14764672952438,0,1
-0.5893647569442115,-0.14360077014877048,0.27698176589151047,0,0
0.8496020970210246,0.43519553131635247,1.2515978612695335,0,1
0.35701548596504734,0.3848723026487393,1.728980713981719,0,1
-0.6929095952606542,0.9825119874043766,1.6294289459954794,0,1
0.8995998754332507,-0.7432114210917495,0.8040809030749025,1,2
0.30729952087660933,-0.7917807012316673,0.7343231800466302,1,2
0.8128621188389601,0.4486776342574823,0.1541726349642509,1,0
0.6296288419236122,0.1567738340128182,1.4931945076374282,1,0
-0.8289950109220723,-0.45167866688038827,0.3166432691086065,0,1
-0.5601810401969696,-0.8411612620220268,0.6865597708997226,1,2
0.7472936051232618,-0.8286835008071389,0.3344579966637421,1,3
0.6103702654334648,0.7883817493282366,0.14367219490729619,1,3
-0.020901593964148132,-0.6162653505625142,0.9930575734759224,0,1
0.117327383308782,-0.3532568757689585,0.05586375972591637,1,1
1.277664895788425,-0.546687195546024,1.3808899279180804,0,2
-0.5915713888358299,-0.2900073883361254,0.38211993255389654,1,2
0.5470973811700379,-0.8611523145078133,0.0001347020764026737,0,2
-0.20219265243389406,0.03811958181654074,0.7156569128044452,0,0
-0.2176812032272203,-0.8647748728155702,0.04798499236125218,1,0
1.09877685198719,0.6007130156447231,0.3231981099097797,0,1
0.8254163489880298,-0.532575836179134,1.2275024255933231,0,0
0.8135096360006385,0.08002382920902118,0.06474080465882678,1,2
1.305478807154329,0.7601581751229165,1.8284555642147864,1,2
0.02100384163275905,0.30175473809438835,0.003827237196396057,1,0
0.6819529712949639,0.0659155731026706,0.2834561730914955,0,3
-0.31026675659345604,-0.3513324937692488,1.3505568463111042,0,1
0.3241663524884421,-0.33399617388360414,0.3801923951197497,0,3
-0.13014305436768459,0.33897391039638025,0.10746538274379351,1,1
0.09699596499271819,0.9882787224423351,0.446652667564808,0,3
0.5951570254369136,0.32367837969875723,0.31524963848875603,0,0
-0.8182206832334725,0.1155668347400498,1.8496761371370292,0,1
2.0923872756854602,0.4613010204784922,0.37592754529383976,0,1
-1.006017381499702,-0.0695887754325637,1.5555771577313506,0,1
-1.2141886127877322,-0.8797153147984296,2.2244409077040284,0,2
1.1581108735000678,0.12459363175581961,0.5688386725432963,0,2
0.7916626939629359,0.9152505690107604,2.4073140731611966,1,3
0.6241198170521551,-0.6493941152846807,0.47371941055951605,1,0
0.6283455092642799,0.3800097816413315,3.326416952168716,1,2
-0.012246772846914623,-0.598132622681887,0.09353024181236151,0,1
-0.8972543714858315,0.07165536894616253,1.1616136446599883,0,2
0.07580455819372633,-0.8066471007065608,0.6808511682311532,1,0
-0.6771617115121117,-0.09925812748362972,0.4904493137625131,0,2
0.9751197334177512,0.5123266577904921,1.0016086674053277,1,1
-0.14705738150213865,-0.30485695152203585,1.2169131426351243,0,3
-0.8254971967925115,0.32982344897443605,0.0043728164917464125,0,1
-0.32138584165299344,0.5908999215794584,0.182665322371209,1,0
0.41293145427562433,0.8543556389589053,1.2484335312686663,1,3
-0.5637245528039747,-0.5307158362890929,1.0977688851674723,1,2
-0.8222203955664315,-0.20136816838138372,3.3827929410405413,1,2
0.2436872114919123,-0.6951679733391651,1.4314498577567405,1,2
0.24496657110872277,0.9849670043167504,3.011307088376879,0,3
-0.5069431753711298,0.8540019358485906,1.2124772028770874,0,1
-0.4710383056183228,0.07991426056111917,0.35389624900326483,0,3
0.2320499373576363,0.6840665887528425,0.1113393782120359,1,3
-1.4480843414973241,0.041915954544084366,1.5224525761144807,1,0
-1.4074637743765552,0.24717137600551942,1.033243797452025,1,3
-0.718444221252436,-0.8217511357679668,0.04938565445154199,1,2
-0.21344715171184725,0.5105408409936159,0.4463659587077571,1,1
0.3109075655980046,-0.7445730327295303,3.1419105125441145,1,1
1.475356216949552,0.6521352605050568,0.6939497939883504,0,1
0.8576596232020194,0.5640561753407718,0.566918375072549,0,2
-0.1599385299634271,0.4174893954859529,0.6119351970499989,0,2
-0.01901620790268883,-0.9276792389504758,0.2343090592525958,0,2
-1.0025293646378088,-0.3937432881093428,0.45998545255917017,0,2
-0.01851313599238993,-0.47377486017831427,0.4617390844520374,1,2
-0.2886586389201383,-0.2797271850569618,0.05377534073609781,1,3
0.3227185603380895,-0.8247145064723229,1.4591559716130498,1,2
-0.827230943552323,0.8739156460621256,0.5387184226637698,1,2
0.5193465142411723,0.10760448142475254,1.726982839782898,1,2
1.5327389130025777,-0.3889513786839529,1.8994426877388573,1,2
-0.1087601484568576,-0.20603696585143316,0.23824964435406248,0,1
0.40171172209894146,-0.10559491899032869,1.0710559234713095,1,2
0.6901439917111125,0.2011886667212346,0.6391928577607432,1,3
-0.40122047188583626,0.031358855392995544,2.12157053930236,1,3
0.22409248181041677,0.8387839464288347,0.24301554696629724,1,3
0.01259240078179486,-0.006073034188339488,1.1326237783834447,0,0
0.09767609854883172,0.9843160296466253,0.9358612978430901,0,1
-0.7730097838554665,0.7028499154901915,0.349985195390159,1,2
0.024510174258942714,-0.5829789712853284,0.14687824248068754,0,0
0.49799829124544975,0.8611904292878325,1.0545181635854284,0,2
1.4511436077950417,-0.7672672042290478,1.341693753785471,1,0
0.9592708260852069,0.6348994169823832,0.37925269066017675,1,0
2.1531824575115563,-0.23875341304683984,1.0351660626804982,1,3
-0.7673475628880495,0.755948640890139,0.5027432205813674,1,3
0.8723206367206782,0.7361133802149007,1.2489941708327505,1,0
0.18334200573835174,0.6118508002352423,0.222163125706071,0,3
2.1898029332176723,0.5800608726141228,2.2092313952729916,1,0
-0.8082982853551515,-0.39064172180391843,0.33884849273461876,1,1
-0.8397218421807761,-0.8381614338974956,0.45852731518833895,1,3
-0.5993926454440222,-0.1940396424696771,0.05984762284370609,0,3
-2.123895724309807,-0.6529509700269827,0.11823437635671136,1,3
-0.525755021680761,0.3899021778049234,0.7253850879884061,1,1
-0.759132661553698,-0.30780054692442893,0.3114184672257246,1,0
0.15039378647620763,0.9512204017198298,1.8047245077470062,0,2
0.34175597577715944,0.28194415469066403,0.014802405694441707,1,3
1.8761708392158862,0.6449611272687219,0.47657565565470716,1,0
0.9504238381860503,-0.7349506545163031,0.411501611341643,1,1
-0.5769036556624031,0.7240289645452451,0.019516851669877114,0,2
-0.898414671348358,0.8455143810267887,0.1328098233045887,1,3
0.4919191715065057,-0.025876162362128197,0.5338259054757455,1,1
-1.3202332070206422,0.21250587550195488,0.678977219233992,1,1
1.8314587658543537,0.5296196018059909,0.5180008832397219,0,2
1.179440120721287,-0.6503227454791749,0.7570196375133226,1,0
-0.4691756521047048,0.005132152926884848,0.9041933879635168,1,3
-1.7131345290908775,-0.2026739444553738,0.009973390458152718,1,3
1.3538723741654128,-0.7072520156755018,0.6237986699666189,0,0
-0.11453984525261789,-0.2649311554169371,3.310422221009638,0,0
1.2378163119734618,-0.8636553812290129,0.7319551215848256,1,0
-1.594427658794367,-0.948376186101026,1.1317832132238965,0,2
-0.5993750229537729,-0.7296674216903545,0.37376857968988036,0,2
0.005243699718183166,0.9262302231783477,1.4871821306709976,0,3
0.046980593764742055,0.09905907179003393,1.48245942648968,1,2
-0.45006547147924364,0.9316443223064399,0.7366729262027566,1,1
0.6228499323474987,-0.13500424333973604,3.7302775845358447,0,3
-1.0676204293825944,-0.37636773382948085,0.1341604072843749,0,2
-0.1423794850212935,0.012283725680488189,0.0170929200584672,0,0
0.12029563171189886,-0.12097662273417975,1.4703640839597827,1,1
0.514438834058749,-0.7886706314765122,1.6458713080659462,1,0
0.7116148780888898,0.28165262938041247,0.12806888687847065,0,3
-1.1246420918378692,-0.5679236349808008,0.30867806434803485,0,0
-1.5341141707356223,0.23917590979565917,0.017708232706465002,0,2
1.277676821898509,0.30040218479630676,0.3471612158516566,0,2
0.33231401197959165,-0.6959502937427038,1.483430452128112,1,3
-0.7484865365565536,-0.8773007457786637,0.72972927557207,0,0
1.551151975522523,0.5615231721368796,0.4278573430933416,1,3
0.11567463429285867,-0.08039915246135965,0.4648000631593654,0,0
1.1792971840638264,-0.8836724089890484,0.0013545426943478147,0,1
0.06751848141010895,0.9897326343395343,0.35639002391120705,0,2
2.060747924881987,-0.8844388780072667,1.0397550865605174,0,3
1.7553408424432044,0.39007045771710636,3.6571654542851797,0,1
-0.2489641484790735,0.9673578505268272,1.8777149986246913,1,1
0.9715709509543554,-0.5216397915681488,0.0238777834155165,0,3
0.6453759495851475,-0.7155012626256076,2.288293749222259,0,3
1.3686315575323487,-0.7572301211551422,1.5287726907101524,0,1
-0.9649234605801045,-0.3934497048648089,1.5158388483489995,1,0
0.6860514599984393,-0.7979083779787066,0.612481452856446,1,1
1.0584244868495878,0.3843226833882638,0.5075066259951957,1,3
-1.7587394864231143,-0.8754164037398746,0.36084896998231303,1,1
-1.183258512665775,0.01884425629957942,0.06795219063427087,0,0
-2.0392321777601006,0.9933937077059536,0.2590756504330275,0,2
-0.26940683444455776,0.6279405390120376,0.2831638085009333,0,2
0.7175422557959623,0.23043887646202177,0.661797884559367,1,1
1.502357052096028,-0.38749275842677666,1.3761238826067157,0,0
0.07409478041977519,0.24779167258327695,0.6420925886156549,0,2
1.6286155455712918,0.05408292782330326,0.05958489006248408,1,1
-1.3801014582148914,-0.14783323221925704,3.1650934043967567,1,1
-1.7033824393551547,-0.738579246519601,2.8598791623520436,1,0
-0.05554769889661878,0.7732084304809335,1.5379992357279177,0,3
0.3840654489393073,-0.10043070235735496,4.747644483359943,0,1
-0.03269474809409311,-0.6107549763584699,0.7863207766462897,1,3
-2.0674421000398766,-0.26448129824542077,3.2905960797829,0,3
-0.08912003951278841,-0.17174049494214594,0.07861585344916983,1,2
-1.3044695005048532,0.6550757911337486,0.45520289964627686,1,3
0.6696725488300385,0.4672287611228041,0.25538432939859107,0,0
0.36659824609684827,0.5386097872826796,0.2179484245523082,1,2
-0.9398797863273552,-0.9779374711427056,0.151756987371085,1,2
-0.5138669173366935,-0.16769200364047698,0.9739559723919811,1,2
-1.0592135218889516,-0.03731169672935275,1.5201542911231598,0,1
-0.06267909727317188,-0.9616154463538866,0.8634573226958268,1,1
0.9551423205012383,-0.48037358250993156,0.15895201566782516,1,3
-0.9857260463355437,0.52057964624427,1.6666633458146543,1,2
0.5040465155178444,-0.7257805885420019,1.010476988217397,1,2
-0.5302576183724408,0.0706202629051833,0.49129379477778085,1,0
-0.7928728322623442,-0.569596255965525,1.121257657067068,1,3
-0.10703035995455783,-0.9757584507122135,0.3009766945987171,1,0
-1.035242322419374,-0.517597084800917,0.42341353449396285,0,3
-0.553649305347182,0.9517475098201076,2.4947854019627047,0,3
-1.1978778925888485,0.6030742237659792,0.343201132890464,1,1
1.9647251329163893,0.9191532886420668,0.6348561371298942,0,1
0.03526355197172861,-0.024291912147275108,2.2085588042617506,0,0
-0.6997255079925856,-0.780527602644993,1.2300476518437322,1,3
0.213979910734222,0.09591897794738591,0.06422201247407275,0,2
-0.11232804969082982,-0.09124533088007825,0.15935106340465577,1,1
-0.22096959953322298,0.6887141654792319,0.007872497723973615,1,2
0.6141667000434252,-0.8038348384315108,0.9967467068014915,1,0
0.7575077100473051,-0.023517725956443636,0.5936157870102338,1,1
-0.5305011476105275,-0.6999026706120315,0.1441878005901035,1,1
-0.57581824064468,-0.35064814621988005,3.168518343315222,0,3
-0.275051697151644,0.4747141547755993,0.7542988546284627,1,0
-2.301921164735585,-0.04796374126246694,0.27693113030920474,0,3
-1.5151910621985523,-0.24822342970846134,0.6943550520525156,1,1
1.3668742674445247,-0.21104744285992938,1.1382485262732562,1,0
1.6449677135012837,-0.08110646318802672,0.07930213477005081,1,1
-0.24903603955637832,0.5700330876741138,0.32117517658509287,0,0
0.5765569630557664,0.7841693778804688,1.644886302350852,1,1
0.3112501545435361,0.9106693730078566,0.6155657215573472,1,2
3.0788808084552377,0.5738067725105902,0.7909301276058035,1,2
1.1195749114345768,-0.36918620850397454,0.5670715168023113,1,3
-0.12791759148076653,0.3762694121730843,0.04489270890015703,0,2
-0.9555404406004258,-0.12479375188921615,0.18122189742519365,1,1
-1.6064463202575725,-0.49065875590789765,0.5897635674222761,0,1
0.2034636358672231,0.6817431588518452,0.234691808249024,1,2
-0.7563507452843033,-0.92314730207535,0.051271219536126844,0,3
-1.4222537095976742,0.803523984270847,1.8556560463874308,0,2
-0.6465728842425266,-0.07704507075053169,3.9735011031952396,1,0
-1.081548003614395,0.27440295361656086,1.5757269365677424,1,0
1.6871416350725648,0.3187078444115654,1.9226766022694781,0,0
0.8816397569494505,0.7902354814130728,0.27704172270921135,1,2
-0.007972641316617372,0.27333936433441464,3.234674354858788,1,2
1.4799441388900259,0.22786716952012354,0.21930804684137822,1,2
0.0773683076476183,-0.8666959188786201,3.0247453182020516,0,0
-0.8612842013282637,0.03681604389040816,5.262813931989295,1,3
1.5231240772696573,-0.6996619983659167,1.243832781684682,1,1
0.5389100436846587,0.47486753744297117,3.970909889426446,1,2
-1.0372461543264564,0.02444384162534896,0.8429003625594063,0,3
-0.1903386780836082,0.3604555584167066,0.3004860724923195,1,1
-0.8756182533847572,-0.9166541987952315,0.5744683429928096,0,1
-1.382799730964336,-0.8304159679083936,0.9003212637616178,1,1
0.9261775475316414,0.4326467761253645,0.07588970221384388,0,3
1.9094166404701305,-0.8558313280026533,0.973769603394951,1,3
-1.3985675738191412,-0.8574865444694828,3.9727202078753883,1,0
0.5629692366905709,-0.9757830495302251,0.2108539411153337,0,3
-0.6506425691218269,0.9130027965989602,1.573082436156245,0,3
-0.48712538376469605,0.4750167189180139,2.3848672389512573,0,3
-0.5923939242388692,-0.2934971829958717,2.877089035892496,1,1
-0.863990769679816,-0.40692883742468955,3.2222716944481986,1,2
0.04852162794482699,-0.3005935405083009,0.7370147220569544,1,0
-0.8309501164110378,0.5493070623623637,3.785738784859356,1,2
0.2704568257798388,0.3227412221408288,1.4159712237241735,0,2
-0.05023810944913695,-0.6296088642650641,0.17634517448085626,1,3
-0.23894804686640975,-0.6517813293318313,0.6479828321383203,1,0
-0.9075636620415979,-0.8032087005732054,1.2670232789212519,1,2
-0.5767713305683327,0.3206054394026763,0.2841420999797959,1,2
0.755391225825756,0.5287453244434719,1.0233615524613529,1,0
0.5009171876243808,-0.46990714334999195,1.0984137455189629,1,3
-0.977555244798551,-0.9581100779381744,0.1775725437985096,1,2
0.09933230542922587,-0.8356566650471453,0.8326053877086579,0,1
0.751387123371789,0.9357200696900609,1.476774632041396,1,2
-1.6694052811213718,-0.4091104450451595,0.690940945159936,1,1
0.543360192379935,0.5384462956762672,0.012176955887700333,1,3
-0.6626237589458467,0.24932713770852755,0.009079563850904285,1,2
0.5705986685931593,-0.2361207206942082,0.44165619182010674,0,0
-0.7632591565425169,-0.5886254756088898,2.6063161770524017,0,0
-1.804882100664519,-0.7572271636811871,0.25964777096391695,0,2
-1.6275424378831627,0.23002593607773325,1.00611612505522,0,3
0.048084946661381994,0.549267561275576,0.2511262797305097,0,3
0.25972250172148187,0.28780850708226136,0.3881213685465557,0,0
-0.9043166251044086,0.06060426649831663,1.8841517017541254,1,2
0.6385924587773739,-0.9160975531367275,1.3051253056263972,0,3
-1.6615200622689599,0.9369775551887676,0.10026162303666898,0,0
-0.06607979864731657,0.5974283833091492,0.5598443507801786,1,1
-1.2110161997624567,-0.4143559265980705,0.029603659802252137,0,2
-0.6518361078021592,0.9599406587177013,0.6556397546358057,1,1
0.047398671316414016,0.2037631792726442,1.0859942668955456,1,1
-0.8604133652839524,0.16484531641449296,0.12613325343695841,0,3
-0.38455554422982535,0.4961463588590642,0.34092103232703447,1,3
1.0062928092144405,0.6235395761802751,0.5072264842828503,0,3
-0.5768918695231487,0.3129572146630053,2.51988356829711,0,2
0.8356921120651418,-0.7438085072676,4.998956075902351,1,1
-1.129706854657618,-0.3234649880110032,0.04595106218168274,1,2
0.5298041779152828,0.8561672806520995,1.4313248803005745,0,3
1.4415686206579004,-0.5507687763122961,0.46477582430548897,1,1
-2.4716445001272893,-0.25566595232497336,0.4983342768841731,1,2
-0.7968952554704768,-0.135846234111608,1.4035014509953418,0,2
0.57707212718054,-0.12119002061109563,2.5062499928371724,0,0
-0.2030453860429927,0.22587916498905103,3.014478786587206,1,2
0.37114587337130883,0.8861516754894152,0.8606729434454637,0,3
-0.6039851867158206,-0.5186145763349901,0.441799000649414,0,2
0.08658978747289992,-0.7569972473981639,1.5490443095770987,0,1
-0.15567723539207948,-0.6050590202801254,0.2890181422787728,0,2
1.1677820616598074,0.773849800418539,0.8302828409517735,0,0
0.2544208433012131,0.291621625310412,0.4440684118766536,0,1
0.3376026620752022,-0.42818642152167974,1.0689498229877938,0,1
-0.4118769661224674,0.6318938779372345,0.27496186888850965,1,0
-0.48760622407249354,0.7227399927268721,0.2126895672844426,0,3
-0.4325581878196209,0.6930286773805561,2.503955981789687,1,1
0.39445214237829684,0.8378530672791089,0.10736661870379179,1,3
-0.42098448082026296,-0.49551795965327683,0.7051345584098176,1,1
0.2897748568964129,0.5100838574925566,0.24955526889052512,0,1
2.075400798645439,-0.07892100545171998,0.03970799371386665,0,3
0.8711247034316923,0.6839971057801231,0.0366835056113271,1,1
-0.32602353216784113,0.4569813543232264,0.19264074345832685,0,3
1.2012139221639448,0.5528948929994493,2.0156809818707226,1,0
-0.4080753730215514,0.312323675362143,0.33195270666804944,0,3
-2.038124535177854,-0.6451424610605863,3.0049581125357596,0,0
-1.008086310917404,0.09005383779387666,0.8713706491738638,1,1
-1.8707919210258557,0.9693394790490164,0.5737906098150877,1,3
-0.35151348404130867,0.8747761329942378,0.8677121011941032,1,1
0.0184183791895517,-0.9136525284059767,0.7271143589950866,0,3
1.6764373122752827,-0.6703703685411257,1.4220303685493483,1,0
0.32692737376416264,-0.7365424530908762,0.33197684839872643,0,0
-0.21910052880886424,0.451959819970591,0.4354868725226266,0,3
0.8294055811834892,0.6355706597138902,2.2452062273805207,0,0
-2.211135309007885,-0.5729772673786562,2.9272611169441505,1,1
0.23561455810856594,0.011705385903657994,2.230806229197307,1,1
0.7708651938869668,0.6814060560224,0.543775893497494,1,2
-1.4785862457798415,0.4656030895325012,1.5157904915515272,0,0
1.143754043206929,0.08447441098369657,0.6469045124116817,0,1
0.3384964074944141,0.18069538091754578,0.6882389499473696,1,3
-0.4152879139008013,0.01672109383255993,0.2290108667160451,0,0
0.6327818661062848,-0.40490309736235885,0.8943587635739941,0,1
2.270692857804396,0.13004398571803222,0.20596187747433078,1,0
0.18186625505849516,0.3777706041001814,0.40281566957291837,1,3
0.24822058630033608,0.7466458317216154,1.931229845290355,1,1
-0.4593608995402441,0.27258270795849615,0.23202765991310306,0,2
-0.8498443694647918,0.522243074086316,0.07381693700302627,0,2
0.8303358165442456,-0.679856730090854,0.07150415706895463,0,0
-0.8560838259088672,-0.07688505116042021,2.826572293283546,0,3
0.07156623721939247,-0.9813367603458134,0.7070847345157996,0,1
-0.4776574467651167,-0.506642270956754,0.5266367498016638,1,3
0.47897982574639186,0.45292343022600967,1.665366041661833,0,1
0.3336621052869483,0.9836199026987269,1.8068279988809697,0,0
1.0375399442578992,-0.8016438008255682,0.4037531240628876,0,1
-0.510016398854747,-0.1970113682774235,1.1829227771663489,1,3
-0.26987493529337125,0.600141937398319,1.474569733059262,1,3
-0.9787637157823074,-0.5919287307422023,1.0631988723472205,1,0
-0.4442932600761116,0.11016989860457249,0.1643972510280493,0,3
0.3773004930448522,0.4661425920593496,2.086531282741948,1,1
0.7569886166453519,0.23197090052035807,0.7745623605709238,1,0
-0.9221653241776254,-0.6239505307691677,0.3319439019404437,1,1
0.8696059201056602,-0.28923086262852116,0.5537821611877681,0,3
1.355637858804951,0.5675835689707944,0.038295075702702276,1,0
0.41343490322370086,0.10845302826403325,0.136813115846664,0,1
1.876795812558066,-0.9895407729141745,1.4504990735121404,0,3
-0.773789199103573,0.5219815200561877,1.1634823050432323e-05,1,3
-1.244654703311417,-0.9293772901195219,0.538823650213271,0,2
-1.7787202489042786,0.4914675654624643,0.7392124409338731,1,3
1.496044311489183,-0.5950388796695252,0.056183569156496915,0,1
0.6543656563540577,0.9161469602387604,3.6148175362787756,1,0
-0.05558467091045507,-0.26411849739583104,0.2563453451831128,1,2
0.2799686263198203,-0.3461367673238418,0.3626911761341702,1,3
-1.1254890472983765,-0.7022238993351106,0.3623230247239586,0,3
2.4457519796168263,-0.38879156901957024,0.26190603022539466,1,3
0.1292211819752275,0.7533015236564011,0.001474909230385058,0,1
0.10939479460489289,0.9926686752544946,1.3069095710746874,1,2
0.725766623898692,-0.2633809389863033,3.406576818902749,0,1
0.4810092317367132,-0.10277873809091487,0.253981030444211,0,2
0.22388402427913137,0.4441418764054741,1.0878123934605872,1,0
-0.7904744554453119,0.772391560930149,1.354393941280624,1,1
0.4714683571359957,0.1860886683735683,1.8866772280370347,1,1
1.8820244964750337,-0.21694860364434132,0.5492705793872256,1,0
1.3454200461549777,-0.1747563183027525,0.3608707420593492,1,2
1.593186626639397,0.39123629299361373,0.3934799193146354,0,3
-0.5112156764311852,-0.9935634727914426,1.2469545359924232,1,0
-0.9896048202585809,0.23917867491968137,1.697064750630053,1,3
-0.12578692009964815,-0.2890139791172852,0.20042113164163983,0,3
0.055724912288694604,0.5883946625541685,0.4635302399667804,1,0
1.0941915184709485,-0.8140187203537357,2.322177749177033,1,2
-1.6924646297148194,0.176404533896781,1.6434783687293708,0,3
1.5295503194606137,-0.03805422022775251,4.190309538682376,1,0
-0.15800789857898942,0.2846510518104548,1.4034334383200409,1,1
-0.42688106994742003,-0.8702928110340633,0.4995481228836644,1,1
-1.0121043752601675,0.15996757485626256,0.893155023299958,0,1
-1.6548566718657693,0.12296917591904744,1.0817972204129243,1,0
0.8231705839619146,0.12132018883234186,0.08170455545483112,0,1
0.07331796718840389,0.20697533319290962,0.7863528863524105,1,3
-1.2899608997410539,0.35293587445272445,1.2355351233568277,0,1
-1.295078772063616,0.6099779993615395,0.18310743031294469,1,1
-0.3357846992901282,-0.4603585597435713,1.5170033059741117,0,3
1.669021525289393,0.6500988203601241,0.8765239671469428,0,1
-0.2595913513636048,-0.0034886354730927494,3.041185511110514,0,3
-1.5031429531181062,-0.8458834417313377,0.0433484105221125,0,1
-0.24574306408594432,-0.8828981415120416,0.308328602809438,0,3
-0.2727235697476705,-0.3315233626078784,0.9201829951622438,0,1
-2.6968866429415717,0.5697939542229351,0.3517725691046352,1,3
-0.05429486651781221,0.4153618694818315,1.253247660188759,1,0
-0.23093453020867796,0.5772299293448129,1.4229802649098477,0,3
0.6962063648134184,0.03453811288321873,0.10815994603859408,0,1
1.8489560949453452,-0.11960200408901889,0.7212472435450759,0,1
1.1265650295477574,-0.7050949465874321,0.7110882749898155,0,2
-0.26888869055483056,-0.3436144927813769,0.46089447618725676,1,3
-1.1065259087416703,-0.13196126765224947,2.7019418337671754,0,0
2.5733598032498604,-0.8227991406407655,1.7573946801280818,1,3
0.05921843401448826,-0.5587760945775775,1.1947137417483797,1,3
0.013929291912946203,0.19645058812747762,1.2529062038255496,0,0
-0.024125087110003277,0.4713262284783797,0.6193692442292759,0,3
0.19808476076785494,0.9966950227858993,2.5382380757120377,1,0
-0.14436041192394247,0.8662266626871153,1.186117913334209,1,0
-0.5736620068802363,0.28513039907038307,1.3055665773552831,0,3
-0.5468589412403921,-0.157503893411856,1.9782642708715719,0,3
-0.03275327021599839,0.27235472941646544,0.3203038769287745,0,1
-0.543424771133765,0.571303236160464,1.645432535124599,1,1
-0.7128457826771644,-0.7633276181532254,0.21721193189903326,1,2
0.10643022769189683,-0.1801902206074235,0.4236422441660145,0,2
-0.2549772174208553,0.6796045712712344,0.40888663627022787,1,3
1.5039929885826886,-0.23233409613391198,3.8408876222526156,1,0
-2.650969808393012,0.14374454245437307,1.9416796763724424,0,2
1.0915068519224618,0.17553872172439644,1.207879965984888,0,3
1.246085192497629,-0.6310474937327213,1.2984914234202143,1,2
-2.0733902324081495,-0.27552911669542324,0.825702579684131,1,0
-0.34268759408034877,-0.3309774225161357,2.9391755305092016,0,3
-0.37144086599579146,-0.9476065829358704,0.6856925413210558,0,0
-1.4075116947178212,-0.9516164722172895,0.47887116568217086,0,3
-0.7778166875908753,0.6633940873515469,0.17797342794015172,0,2
-1.1105758454658288,-0.4538583800543752,1.5427407178831198,0,1
1.7522704434236227,0.03615753247763087,1.3259292819722024,1,2
0.9356783931474612,-0.4025488528224539,0.48508484284908426,1,2
1.2715550949941588,0.881358490230681,0.025516200954391076,1,1
0.7216720640432351,-0.4814064822684525,1.8263343161106416,1,1
-1.1290517712172292,-0.14068637452212984,0.011483669104263555,0,3
-0.5245202662797737,0.7454605009692037,1.216382080660238,0,3
0.48937456122791806,0.6838671335836173,3.515165157939812,0,0
-1.2221278088919454,-0.6277971643074454,0.5756509916369589,1,0
0.7129984301723881,0.6052866195914208,0.2678446810487069,1,2
-0.24032539815813503,-0.0836262265242147,1.2203427641197981,1,1
-0.3748208075495975,-0.03406225582928957,1.6989696010093254,0,0
0.7109599682034915,-0.7330400551681124,0.7906063631889005,1,2
0.44426331148603976,-0.8387969724857507,3.412317236403083,0,1
-0.3609661658190799,0.4558786139475304,0.05305138804256164,0,3
1.159329803364248,-0.0070776952894004985,0.7027846689285737,0,2
-1.0810633275998973,-0.1262985947696409,1.267459247349778,0,3
0.6159356069442637,0.45901645730479346,1.985153492430679,0,0
0.5931012579683838,0.5310257979822195,0.1975435601599549,0,0
-0.3095464393139903,-0.6821836646612929,1.6094553214040426,1,1
0.326133022242118,0.22045029895528256,0.8045415873998298,0,2
-1.251113576385303,-0.7292918354446289,0.5050981935027793,0,3
0.924027019206901,0.5027501720580914,0.14123531011449272,1,1
-0.18490213644298903,0.31391031253427903,2.004673710604255,0,0
-0.5227230205190395,0.9132292421669159,0.171112463876311,1,0
1.0490092258368893,-0.8620839672871576,0.37075627822243246,1,2
-0.7043436905427592,-0.8858905576974914,0.3425544405277208,1,3
-1.4084612963635597,-0.4356258506135997,2.05115760370031,0,2
-1.5566291735239037,-0.47658863252818806,1.1168872457261294,0,3
0.6060099513456396,-0.5060424018560004,1.5929810583106407,1,3
-1.280429352496283,0.8125091610420734,0.28830613219322626,0,2
1.7547941819843647,-0.5009076003009878,0.9804935749765662,0,1
-2.081929407883722,-0.456100547742738,0.8480387621225359,1,2
1.6964563682900382,0.5187965248359274,1.7887462741929174,1,2
0.2110174672026184,-0.10052031509892001,2.3653871012100742,0,0
-0.09671311187039239,0.5534211139103624,0.012231269408971249,1,0
-0.5449190868089497,-0.8692676848712295,1.120919000889536,1,2
0.39913611435207086,-0.024857612653231387,0.05322758404622274,1,2
-0.037634702424848364,-0.9327727996334347,0.7959746073698896,0,0
1.1033018820165215,-0.874693593089291,0.339161670569886,0,3
0.11422764866203965,0.8128749066888219,0.36640296452946186,0,2
0.1503017614618776,-0.7215092577648097,0.43534484967911713,1,1
-0.36361221221385587,0.06484136455043421,0.9709910051382612,0,1
-0.056945623721067457,-0.1778087947985869,0.406540634782834,1,1
0.3078017688920592,-0.30531334748231465,1.3193801039927686,0,2
-1.7101683926566256,0.7996666913745449,0.5183998787738292,0,3
-1.348185422105713,-0.956353206449021,0.07080150641358879,1,3
0.743264094022715,0.3275793723511782,1.5313656485833336,0,0
0.17086543812794186,0.9267888684271008,0.3365338929517138,1,2
-0.18398333635267913,0.12033636692368388,0.5669849126609429,0,3
0.01843393306539316,0.8736449240661837,1.1565927870318258,0,2
0.34758170536167105,-0.8954842414279525,0.4041502086904978,1,0
-0.5397596803093615,-0.1624133618516772,0.05824970382389809,1,0
-0.7783047254023127,-0.4796844180758977,0.46827879285214735,1,0
0.19584525509768155,0.4616419299614596,2.8904462491680323,0,1
-0.978372777615032,0.9625941809944933,1.026480660671112,0,2
0.40825275571447184,-0.4869398751115044,1.1131549686950415,0,0
-1.7025836042378404,0.30834920294814894,1.0004393567361385,1,2
1.0291556373256436,-0.6038047344805197,0.2218845179287726,1,1
0.472597482413043,0.1306605091432198,0.5418586455108922,1,1
0.25602973431387566,-0.0721350266233276,1.390060638098674,0,0
0.9826909839455139,0.9440106592630741,0.10688712205436364,0,0
1.6654744444625766,0.21705454539293312,0.325526249643295,1,3
1.0143700650181304,-0.30098725582636243,0.323404741308102,0,2
-1.8408742313316453,-0.7718084302241333,0.5656671840459809,1,0
-1.2795769667357015,-0.6975063425301309,3.930632133279656,0,3
-0.6248185776956788,-0.5493661400975298,0.06988885849612299,0,2
0.026091050210833786,-0.498066677319404,0.7312665687059473,1,0
0.517659020469123,0.7012321156822756,0.1976764606755113,0,3
-0.7257438131534656,0.12244557656504984,3.5293675852257738,0,3
0.18676676447707832,0.04678182274873288,0.12025252515554251,1,2
-0.7553829323533225,-0.7704622562615651,0.5168453767797387,1,3
-0.6115178029919482,0.7202793866988699,1.3389718823677081,0,2
-1.4066610968482223,0.44562860641696744,1.219270648703156,1,2
-0.9232332461109043,-0.8646632761999968,0.5494428230199097,0,2
-1.3516846056163336,0.41567019445953735,0.4254497289318204,1,1
-0.9758732529773327,0.08707643468529214,0.5068541514341259,0,3
1.0536417966078395,-0.8365493085064435,0.30690058827003935,0,2
-0.949398888831943,-0.08339871694268708,0.2298320428713375,1,0
2.632382064837391,-0.030607425739906047,0.6597891918683801,0,1
0.4933179008808892,-0.6684509196734485,0.3127042059539351,0,1
0.1848361236948739,0.8913962940005646,0.3389215646337138,1,3
-0.8583577801812136,0.6999507429613239,1.069313899383184,1,2
0.7003098794089914,0.33804467465821664,3.4589535693063156,0,3
-0.5756378262377739,-0.0754088779987856,0.9254253269426673,1,1
0.12200981464536144,-0.17646891683098298,0.08010379885994509,1,2
2.5600845382687947,0.30194693430190833,0.07859267448855108,0,0
-0.09605989972464987,0.09086373881381093,3.02460965743243,0,2
1.1492733262856758,-0.8754537882362288,0.35281211471835944,1,1
-0.7031764251258874,0.025005297540663385,0.09658467632080676,1,0
-0.0349884904969617,0.612807234465679,0.9139050477588241,1,2
1.77080063563551,-0.08152024480608389,0.9772324713005839,0,0
-0.6269670577877674,-0.8960868448914632,1.0455592808231318,0,0
1.8124485579969287,0.5725563987680662,0.31115819666956596,0,1
0.7077519354554754,-0.5972724357280512,0.015226013884891114,0,0
-0.5624667758942676,-0.48275833022392245,3.352846441207963,0,3
0.632407739055521,-0.6705872931354082,0.2888735095192658,0,1
0.9725544496267299,-0.3395698702570049,1.127092902446161,0,3
0.6218099622171964,0.5135030113772701,1.2263202244500762,1,0
-1.5702247198904564,0.03877171900787468,0.9416275581918198,1,3
-0.7271371758248686,-0.5902374516985749,0.37528619848408923,0,2
-0.24751863555150475,0.7556601563040817,0.31621359103256597,0,0
-0.07443342910004629,0.7591637099030584,0.9104783632203589,0,2
0.620672097550678,0.7411568500920138,2.0106294174939903,1,3
0.17770100093325383,-0.5224075772369214,2.932451960942563,0,2
-1.3353443587101013,-0.0975213116380238,0.11194414515742714,1,0
0.3801978510059632,0.9699793122817502,0.168215846863097,1,2
0.6105857452838231,0.5440249526199807,2.895638259698919,1,3
0.5597904479310398,-0.9456651575488804,1.3338356138087226,1,3
1.0807807255546218,-0.8695908174790159,2.145528566344447,1,3
0.8339221545489041,-0.07213724637533447,0.22643977054999206,0,0
0.4591800792284367,0.8184404117231203,0.885727267264709,0,3
-0.07016571145864703,0.07740359590542845,1.2077786855710813,1,0
-1.6609609335159914,-0.0043749839314195516,1.1397839863491777,0,2
0.42961821913258585,-0.7890526000867388,0.5245049115039434,1,3
0.20768768716311115,0.3135602094485881,0.015514623464414973,1,2
0.27157883719537346,0.644206321200451,0.8744917510906712,0,1
-1.2767485758203094,-0.23915998498487534,0.2918260323785145,0,2
-1.0810565404082624,0.551223701850655,0.5982993733477003,0,1
1.0531528533329035,0.9289533078016232,3.1601592595005434,0,2
-0.03955515385665504,-0.5924670817446218,0.5092191109697122,0,0
0.6815006973726244,0.04665926238948259,1.8313422735144418,1,2
0.028318376130461172,-0.4257240838308489,0.20892093117129654,0,0
0.02975613949574519,0.5857088380676787,1.1161466144629726,0,0
0.9382838059759977,0.155186731762315,3.7725634756856645,0,3
-0.5160447282173739,0.2691648351006075,0.10746617642062763,1,0
0.09612077694098337,0.5958283192317881,0.008354746125244858,0,1
-0.4622752887050425,-0.20805905467509023,0.5684243568250689,1,3
-0.4344962274323156,0.8301801368140864,0.09719999573860999,0,3
-0.30917212346863937,0.06605773449227992,1.379852552895761,0,2
0.22213377163371284,-0.684090354329304,2.459808232896316,1,0
-0.4787486216634773,0.3917982363376049,0.5691982557212377,0,0
1.2557561255735208,0.5865227008765088,0.29936558249531925,0,1
-0.8946073022195039,-0.36647664586494666,0.5698740325333455,1,2
-0.18687164416135904,0.7143585139975059,1.2853557519560594,0,2
-0.4397310582741749,0.8122865095315328,0.00909539960722861,1,3
1.4469778843537329,-0.44619102524438214,0.890267272289478,1,3
0.19655477651157463,0.9670429454304441,0.9500845778521457,1,3
1.0318445394686349,-0.7185769439024832,1.0152502413531679,1,1
-1.485560373036972,-0.5959686631950201,0.2771010230264016,1,1
0.26705026586925884,-0.6315503215239477,1.2519478326323366,0,3
0.889630795623437,0.7879794200157408,0.095840955605836,0,2
0.08228398927542419,0.3085851046499237,0.2222318875893984,0,1
1.0654803750653512,-0.6957914335554543,2.099399761780521,1,2
-0.5172884501003722,-0.11935316326330203,1.3421747086453293,1,2
1.40934744018558,0.23059605013960405,0.013840898858926483,1,0
2.2988981236192503,-0.8330718300212334,0.2855194264836808,1,3
-0.36283856043965906,0.7648327368146774,0.24131577425847264,0,0
-0.4455025214007718,0.6072070708830704,0.3158159142692778,0,3
1.453384477117701,0.01041354715327647,0.28443371445712246,1,3
1.5795721457307124,0.9342532305183409,0.0645665703233147,1,2
-0.5228600271532683,-0.1644780414498006,0.6142260553421355,0,3
-0.42018681709585726,0.9682206380729956,1.3195088966992705,1,2
-0.2817846088605072,0.33583999760725414,0.9332632656949174,1,2
-1.344450511034277,0.2693425465078829,1.117402734303147,1,3
-0.9186519464841982,-0.66809020940843,0.08463149682819496,0,2
-1.0041407667520679,0.763855516609288,3.025999956634014,0,2
-0.7677975651041284,-0.1450206241587697,1.8231995731582893,1,2
-0.03468488738678118,-0.6755331884350413,1.6352189994881976,0,1
0.23421473253652075,-0.9747849600484819,1.7315140536547309,1,2
1.5505004928140769,0.11951136727676515,2.698751193196384,1,1
-0.998354040738791,0.05479924424535265,0.7858195678500353,0,1
0.9843223984765838,0.4387072447383171,0.22349613579934705,1,2
-0.21398884422550896,0.7805161060356043,0.9591554567975783,1,2
-0.04946370965243295,-0.841186830713941,1.3582181862348355,0,1
0.6748194921666038,0.4629929806807247,1.3390955323734006,1,1
-1.1227220215622986,-0.6251761118048356,0.7369925411967152,1,2
0.3824097461840506,0.7163541063143279,0.07091477358703707,1,2
0.1664522082130561,0.6381270277233122,0.46380359075629446,0,3
0.4924512640081491,0.08158750997108877,2.5353574587032663,1,1
0.2891686439078181,0.42048559724662304,0.8781497113730817,0,1
2.4553001399108942,-0.3712997736325032,0.7729091380348863,1,3
-0.637739984251316,-0.057664202134370734,0.31314144858586385,1,1
-0.5309969550018176,0.6432737954209433,0.4595764535531472,1,0
-0.6231405264247644,-0.0814696056535722,2.2570964600590058,1,1
-0.5554771191602547,-0.2844034693491164,1.0980016177460652,0,3
-0.6373871273065177,-0.011575105499400218,1.5482817930749604,0,0
1.1890165311075518,0.6564985048744367,0.6057691464212985,1,2
1.4205042479898549,-0.32958390525825454,0.9949206573550218,1,3
-0.5707462937494763,-0.6524768137285124,0.2855292031963382,1,3
-0.8323555731042287,0.4240280406615615,1.2223432806039842,1,2
0.4714155563864041,0.6519564254161636,0.5579195613223623,1,3
-0.5522230442809712,-0.7987250429529333,0.5843744199039752,1,1
0.6329318177555108,-0.5202517744881106,1.0478877810532037,1,2
0.2029230208512997,-0.7160560204780122,2.7532665471097384,1,3
-1.515744114997232,-0.30411717683566675,0.06614658309229908,0,2
1.5475052013300616,-0.0992980421891747,1.7415031652071518,0,2
1.7958776730955217,0.49765267392661294,0.3458524481461356,0,2
-0.6127886904843862,0.30229516976334825,0.5868421292278964,1,0
-0.38770155993598415,0.24185713495686234,0.022156991989469393,1,3
0.28586539072490497,-0.2952501067806912,0.3581704585696388,1,0
0.334456789987025,0.6828951061695199,0.6984235614676293,0,3
0.6585442726728304,-0.05742566520367087,0.05781565284795499,1,1
2.0102045387663496,0.958209876030309,0.6754953535639746,0,1
-0.1769472274940494,0.2682842765914737,2.6188124511245783,1,1
-0.7982972445384537,-0.7474705168709945,0.11137100709082458,0,3
-1.3793192280145272,0.352355124150868,1.4457927117388012,0,2
-0.7309300399419191,-0.34979196913660204,0.5270753607973251,0,2
-0.033126972873797095,0.37265439337219486,1.064714509120123,1,0
1.7945578635177877,-0.8607177036751885,0.3014248709145652,0,0
-0.5176112990361714,-0.6502371256480812,0.17374912039518328,1,1
0.2237879516388985,0.7114745178115727,0.17490427012821894,1,0
-0.016422896072752075,-0.5456408859529702,0.07309980660067168,1,3
1.188393273448084,0.6740822504858801,0.2053609836776891,1,3
2.5269324258736217,-0.44144782309117914,1.091297263786332,1,0
-0.5308687729203206,0.2857638201174153,2.134452152258195,0,0
-0.48943944251822213,0.388301147019662,1.6826845626614075,1,0
1.044160877069072,0.025309506290105865,1.155609111636457,1,0
0.6818914896263114,-0.3893786466065374,0.11701917381063148,1,1
1.8467073257360336,-0.5747112472578078,0.3413465214844297,1,1
0.5839281853259639,-0.9336212908751476,0.3707838297159636,1,0
-0.35929209078705954,-0.3921071975185524,0.2876246692962019,0,3
0.5906548306923093,0.306325581062566,0.7236180576173268,0,1
1.1087035805829077,0.8766096368969654,0.766909582939844,1,3
0.820482181197364,0.742408964526104,0.44143323791725775,0,2
0.5072740311072977,0.5321295530706052,0.4366294487848321,0,3
1.066674689589154,0.5768946865065974,1.7634962509770875,1,0
1.1692955904456728,0.3299698069519905,1.5572860162690783,0,2
1.3821589910375272,-0.479426284867994,0.3678743259567037,1,1
0.6487098875896427,0.8143900614116597,2.450951048502833,0,1
-0.16711808031685435,0.3414646238116681,3.053679593846005,0,2
0.14671368643332283,0.1208812619608799,0.39562746978779023,0,3
1.2065089665083568,-0.7780210615730379,0.43761380712418646,1,1
-0.8169356709872361,-0.10588891238714915,0.7044794557708601,0,0
0.3686733088729012,-0.07928345759614741,2.832267604481353,0,2
-0.3933388123273607,0.72912721904534,2.090053110892787,1,0
0.028744822934817487,0.09329644037557694,0.10821788581405427,1,2
1.2784518626072987,-0.2391989020591807,0.49878300023404765,0,1
0.19109906801990334,0.9536006570213187,0.8060274314681737,1,3
0.04643654815614881,-0.7785588133473687,0.6994318327840682,0,2
-1.3598561409799192,-0.15490314337611077,0.21550166000817744,0,2
0.7462535660272207,-0.9159506496571894,1.9576967369558531,1,0
0.6454841811410754,0.4798082415338607,1.1299196381880567,1,1
2.16325472330546,0.8361531043983013,1.8195935162994408,1,0
-0.30777823495300083,-0.43992534089902113,1.9573250068054282,0,1
0.21915032766393897,0.7166833535982418,1.3797393071697512,1,0
0.24938368371075526,-0.41556353907620447,0.5784098472380772,0,2
1.5774532797634744,0.8215403232878304,0.9430114594270498,1,0
-0.0952955323869521,0.5079238071935679,0.1747884890733034,0,3
0.27902152577033923,0.6098135536828773,1.1197708122495569,1,1
0.6078965097165392,-0.963986888799091,0.19754068939390215,0,1
0.1866091231563581,0.9256207141480519,1.1840054537024762,1,2
-0.44643361455052827,0.4533419841406465,0.2608430311100646,0,1
0.19408999289830758,-0.39049780922773336,0.12505462234616282,1,3
1.073631749859772,0.6587893297176939,0.1806643189430485,1,0
-1.0265152994110602,-0.4369576031701401,0.001994122159710626,0,2
0.132969674146876,0.7455076791322559,1.268474411846264,1,3
-0.7001208149391732,-0.774839219176126,1.3182658709838013,0,1
1.1950466289248425,0.4073719549215915,0.7234689746270512,0,1
-1.5231869047837747,0.08139695328982066,0.17597708684075491,1,3
-0.5589218472715883,-0.8069310596091184,0.0872525015240209,0,0
0.37721187506452086,-0.516212343482322,0.019314292317149664,1,0
1.5655240292343404,-0.9751919274453704,0.1812199761150679,1,2
-0.0657502610729878,-0.06246406907098834,2.2150829071496347,0,1
-0.5551995266931984,-0.39746947847999925,0.27646105316183545,1,3
1.8811570694405901,0.19671496859551763,0.4373758746010938,0,0
-1.448013900416244,-0.40552438458276563,0.11131765141096672,0,2
-2.198805956620082,-0.4001617769860306,0.25149326466168304,1,1
0.4400144500533324,0.4863863974632068,0.7323550010191644,1,1
-0.5020542243526112,-0.9037143280432931,0.9358627276617398,0,2
-1.0212328171307132,0.8057899903839745,0.28150427992378696,0,2
0.7083564472993533,0.7045277487823629,0.059465712787681535,1,0
0.24380071377119883,0.33560936645281303,0.4959909850233758,1,3
-0.5640786307367284,0.1864431402147686,0.26683864178505584,1,1
-1.2803043986708944,0.7846049962793045,0.24788962947202298,1,3
0.8724573282801447,-0.6293396409425711,3.215451761506007,0,1
0.650201177958661,-0.8420616756183428,0.9578955481509968,1,1
-0.09917586377938291,-0.5209796601809238,0.8139111519309452,0,3
1.8466369960476658,0.5891565574003805,0.5374692735779751,0,2
-1.0700847663261526,-0.9306594665470334,0.560268584463472,1,0
-1.5255251709247388,0.16561367016697925,0.7784981270198164,0,1
-0.6919080698812444,0.9908750323826199,1.192142416923805,1,2
-0.045586016355497805,0.7113921876750788,1.211152168335046,0,1
0.24333944932269183,0.04289137808717891,0.1883725162262277,1,0
-0.24123605785632987,-0.8727181814267153,0.6933727101430839,0,1
0.3520553965142968,0.6627470287714197,0.5309570666740723,0,0
-1.251539424190444,0.1979570163544211,2.0442826532666185,1,0
1.4437646040732595,-0.7701340058808663,0.99809456772371,1,1
-0.0821511783925688,-0.8122854303532876,0.760364628507229,0,1
1.1172958315881276,0.8192536388731848,0.12261365679360686,0,0
0.34272534637770413,0.3384005258761569,0.9304857291327358,1,2
0.4567532191537839,0.6585735986335111,0.12466102880534774,0,3
0.5697672802322039,0.7579578005645347,0.4112919143687304,1,0
0.44770856001731496,0.14354470409664444,0.15413297226742526,0,1
0.6427227598675439,0.03489270351008256,1.1778946383162885,1,1
1.3291525301324314,-0.13914517935801962,0.23098939187944642,0,2
0.19652116970147013,-0.36610682441776143,0.4973491296616848,1,3
0.7090037575885123,-0.13080807828257646,2.26024212088713,1,0
-0.08973569428722672,0.5477593114603128,0.22855363873015355,0,0
1.4401172154494728,0.20384686203026314,0.708880429494969,1,3
-0.6763923020592697,0.7850465799096922,0.5434722066342405,0,0
1.8009404329108156,-0.11323997124162455,0.01829029331656515,1,3
-0.04015795064434341,0.21417915743750804,1.5738686344559243,1,1
-1.4307751021180481,0.26261510618397743,0.071545311529372,1,3
0.12810441491078928,0.18339432461265104,0.6429390145675242,0,0
-0.6810516574748808,0.40526754617103267,0.8225233209326528,1,3
0.8406435489887241,-0.5251330632503874,0.9900084710640918,0,2
-0.6526239793023909,0.02472755509158131,1.1667785960571895,1,1
-0.4461834332147797,-0.7915503943833047,0.2920547969219945,0,1
-1.889540730945531,-0.2309773447103749,0.010028898364548042,0,3
-0.4523063192490767,-0.02466586275747118,1.2853407259893985,0,0
-2.4238793266289567,0.30444851909094495,0.7671309128726943,1,2
-1.5839028234857233,0.901062105172407,1.8086068113128853,0,1
0.7604146561442974,0.20130213309671174,1.722541455331446,1,1
0.7858001586508322,0.4871878323531196,1.8535891364679211,0,0
0.42545756178496474,0.012532118990405516,0.6637722009982694,0,0
-0.966976143129213,0.2682080627526626,0.4059077998369884,0,2
-0.047711356141979855,-0.8581355677324531,1.5680954258319293,0,3
-0.0036025390905684044,-0.491216838316306,0.6001927060322706,1,0
-1.1583646891925428,-0.2762938135897226,0.20265757471542903,0,3
1.5033983017671506,-0.05501328998697286,1.9308423771734564,0,2
0.8773622905756714,-0.9087025089952325,2.141826664834698,1,3
-0.22096417382966393,-0.7199518048933646,0.6279396760045075,0,1
0.02688583899453078,-0.44637138441738844,0.07871828968795785,0,3
0.20838280794755248,0.9430653818021013,0.49073887003514954,0,2
-2.0417348684242906,-0.3373059857938985,1.6272845172494383,0,2
-0.24717738252059693,-0.035917883775834936,2.320484623499767,1,2
-0.6819842479977986,-0.6078045745232141,0.2274939286200851,1,3
-1.0016200098949155,0.22156014215153652,0.06932179560363473,0,1
-0.2811002928859549,-0.4386335689680514,2.098424202804143,1,0
1.7976865268495226,-0.5860148431231464,0.49332128744462594,1,1
0.6408428612670098,0.03314525689195813,0.7803643189371355,0,3
-0.5711789897827968,-0.9889884016791584,3.4440781205292113,1,3
0.5725827813561586,-0.9846719347015493,0.06888365735912734,0,0
